,ddag_ij,D_norm,ROT_i,ROT_j,q_i,q_j,a_ij
0,aa,0.0003230135950388384,a,a,0.008206138191367143,0.008206138191367143,17.643561835364544
1,ab,0.00043700788152911354,a,b,0.008206138191367143,0.008206138191367143,17.34130501713629
2,ac,0.00038459184029675464,a,c,0.008206138191367143,0.008206138191367143,17.469073630752437
3,ad,0.00045922529916661033,a,d,0.008206138191367143,0.008206138191367143,17.29171531011329
4,ae,0.0005230959911279453,a,e,0.008206138191367143,0.008206138191367143,17.161491260939773
5,af,0.0005115526840815835,a,f,0.008206138191367143,0.008206138191367143,17.18380566833536
6,ag,0.00037044041453564765,a,g,0.008206138191367143,0.008206138191367143,17.506563640267657
7,ah,0.00044333065058344896,a,h,0.008206138191367143,0.008206138191367143,17.32694036639112
8,ai,0.0005747544801349146,a,i,0.008206138191367143,0.008206138191367143,17.06731328906398
9,aj,0.00042973588444981617,a,j,0.008206138191367143,0.008206138191367143,17.358085449838832
10,ak,0.0004994671188994574,a,k,0.008206138191367143,0.008206138191367143,17.207714479712237
11,al,0.0005389940177994022,a,l,0.008206138191367143,0.008206138191367143,17.13155177545997
12,am,0.000719902463648234,a,m,0.008206138191367143,0.008206138191367143,16.842140511926605
13,an,0.00037243056709710906,a,n,0.008206138191367143,0.008206138191367143,17.501205624214187
14,ao,0.00045088871330779156,a,o,0.008206138191367143,0.008206138191367143,17.310035693966515
15,ap,0.0004704381150470529,a,p,0.008206138191367143,0.008206138191367143,17.267591827417313
16,aq,0.0005351803231562216,a,q,0.008206138191367143,0.008206138191367143,17.138652504869988
17,ar,0.000587676005770317,a,r,0.008206138191367143,0.008206138191367143,17.045080462163167
18,as,0.00041111576358160277,a,s,0.008206138191367143,0.008206138191367143,17.402381409552795
19,at,0.0005546809687066167,a,t,0.008206138191367143,0.008206138191367143,17.10286313029656
20,au,0.0005519365854396054,a,u,0.008206138191367143,0.008206138191367143,17.107823089377245
21,av,0.0006860593746052207,a,v,0.008206138191367143,0.008206138191367143,16.89029207172183
22,ba,0.00043700788152911354,b,a,0.0019694731659281144,0.0019694731659281144,20.195537728416582
23,bb,0.0001930886229626862,b,b,0.0019694731659281144,0.0019694731659281144,21.012339689039
24,bc,0.000516422604889897,b,c,0.0019694731659281144,0.0019694731659281144,20.028563526878
25,bd,0.0004938415179625829,b,d,0.0019694731659281144,0.0019694731659281144,20.073274307010035
26,be,0.0005907624919312206,b,e,0.0019694731659281144,0.0019694731659281144,19.894074897157395
27,bf,0.0005147612714985467,b,f,0.0019694731659281144,0.0019694731659281144,20.031785716182526
28,bg,0.0005052990183545641,b,g,0.0019694731659281144,0.0019694731659281144,20.050338589287556
29,bh,0.0002666124721532596,b,h,0.0019694731659281144,0.0019694731659281144,20.68969276996462
30,bi,0.0005087262953118311,b,i,0.0019694731659281144,0.0019694731659281144,20.043578817195648
31,bj,0.0004792624001661755,b,j,0.0019694731659281144,0.0019694731659281144,20.10324070318641
32,bk,0.0005371084067908423,b,k,0.0019694731659281144,0.0019694731659281144,19.9892890099071
33,bl,0.0006149153953120527,b,l,0.0019694731659281144,0.0019694731659281144,19.85400426914046
34,bm,0.0006957945732999155,b,m,0.0019694731659281144,0.0019694731659281144,19.73043449542187
35,bn,0.0004559406898875717,b,n,0.0019694731659281144,0.0019694731659281144,20.153126223866224
36,bo,0.0003562496180556949,b,o,0.0019694731659281144,0.0019694731659281144,20.399857299427342
37,bp,0.0005025993341577872,b,p,0.0019694731659281144,0.0019694731659281144,20.055695658572137
38,bq,0.0005841175248804119,b,q,0.0019694731659281144,0.0019694731659281144,19.905386755069753
39,br,0.0006118581776408108,b,r,0.0019694731659281144,0.0019694731659281144,19.858988439108874
40,bs,0.00047477735571746634,b,s,0.0019694731659281144,0.0019694731659281144,20.112642989541765
41,bt,0.000604105399404433,b,t,0.0019694731659281144,0.0019694731659281144,19.871740273848985
42,bu,0.0004967739459603282,b,u,0.0019694731659281144,0.0019694731659281144,20.06735387336036
43,bv,0.0006589233965373544,b,v,0.0019694731659281144,0.0019694731659281144,19.78488167311608
44,ca,0.00038459184029675464,c,a,0.012801575578532743,0.012801575578532743,16.579701988229544
45,cb,0.000516422604889897,c,b,0.012801575578532743,0.012801575578532743,16.284959173074817
46,cc,0.00013568389721702273,c,c,0.012801575578532743,0.012801575578532743,17.621556709858556
47,cd,0.0003195638733838065,c,d,0.012801575578532743,0.012801575578532743,16.764927434550938
48,ce,0.00035446709825742863,c,e,0.012801575578532743,0.012801575578532743,16.66126907510284
49,cf,0.00034260997446172893,c,f,0.012801575578532743,0.012801575578532743,16.69529190560031
50,cg,0.0003812139163434496,c,g,0.012801575578532743,0.012801575578532743,16.588523927296166
51,ch,0.0005241783842628157,c,h,0.012801575578532743,0.012801575578532743,16.27005255071102
52,ci,0.0005448067366218177,c,i,0.012801575578532743,0.012801575578532743,16.23145348501152
53,cj,0.00035750647759976134,c,j,0.012801575578532743,0.012801575578532743,16.652731123951995
54,ck,0.00035949708392958357,c,k,0.012801575578532743,0.012801575578532743,16.647178539415396
55,cl,0.00036744355077183505,c,l,0.012801575578532743,0.012801575578532743,16.625314901569336
56,cm,0.0005802969392403491,c,m,0.012801575578532743,0.012801575578532743,16.168344668343078
57,cn,0.0004163144761340147,c,n,0.012801575578532743,0.012801575578532743,16.50044367816357
58,co,0.0005033752724001103,c,o,0.012801575578532743,0.012801575578532743,16.31054864476313
59,cp,0.0004400166539728188,c,p,0.012801575578532743,0.012801575578532743,16.445072028947838
60,cq,0.00041177693127834826,c,q,0.012801575578532743,0.012801575578532743,16.511402831294173
61,cr,0.00041489285366360827,c,r,0.012801575578532743,0.012801575578532743,16.503864302129706
62,cs,0.0004589922947737023,c,s,0.012801575578532743,0.012801575578532743,16.402851182147835
63,ct,0.0004369945440920936,c,t,0.012801575578532743,0.012801575578532743,16.451963894979546
64,cu,0.00045753500897315,c,u,0.012801575578532743,0.012801575578532743,16.406031200948505
65,cv,0.0005478824600309473,c,v,0.012801575578532743,0.012801575578532743,16.22582383013474
66,da,0.00045922529916661033,d,a,0.04841621532906614,0.04841621532906614,13.741810608289944
67,db,0.0004938415179625829,d,b,0.04841621532906614,0.04841621532906614,13.669136893906394
68,dc,0.0003195638733838065,d,c,0.04841621532906614,0.04841621532906614,14.104394375250482
69,dd,0.000198737794302216,d,d,0.04841621532906614,0.04841621532906614,14.57936520644889
70,de,0.0004323332063855524,d,e,0.04841621532906614,0.04841621532906614,13.802154943767366
71,df,0.0003007516490150791,d,f,0.04841621532906614,0.04841621532906614,14.16506670793246
72,dg,0.0004562931788423612,d,g,0.04841621532906614,0.04841621532906614,13.748216006804268
73,dh,0.0005020345918187796,d,h,0.04841621532906614,0.04841621532906614,13.652682520458404
74,di,0.0004286426795107317,d,i,0.04841621532906614,0.04841621532906614,13.810727888813346
75,dj,0.000443702539499899,d,j,0.04841621532906614,0.04841621532906614,13.776197163951567
76,dk,0.00027955933354983367,d,k,0.04841621532906614,0.04841621532906614,14.23813699110087
77,dl,0.0004414076528473655,d,l,0.04841621532906614,0.04841621532906614,13.781382714439674
78,dm,0.0004767093963721512,d,m,0.04841621532906614,0.04841621532906614,13.704444472474671
79,dn,0.00048398675922484217,d,n,0.04841621532906614,0.04841621532906614,13.689293996412667
80,do,0.000471477282327251,d,o,0.04841621532906614,0.04841621532906614,13.715480626571429
81,dp,0.0005119613669208401,d,p,0.04841621532906614,0.04841621532906614,13.63310237882174
82,dq,0.0004860983913808224,d,q,0.04841621532906614,0.04841621532906614,13.68494049097078
83,dr,0.0003847712510304301,d,r,0.04841621532906614,0.04841621532906614,13.918702541240494
84,ds,0.0005209837094925529,d,s,0.04841621532906614,0.04841621532906614,13.615632772285716
85,dt,0.0005070698941366361,d,t,0.04841621532906614,0.04841621532906614,13.642702693434352
86,du,0.0004387626263320999,d,u,0.04841621532906614,0.04841621532906614,13.787392993450725
87,dv,0.0004501838869136235,d,v,0.04841621532906614,0.04841621532906614,13.761695408901028
88,ea,0.0005230959911279453,e,a,0.7843426883308714,0.7843426883308714,8.041564074639748
89,eb,0.0005907624919312206,e,b,0.7843426883308714,0.7843426883308714,7.919914999577082
90,ec,0.00035446709825742863,e,c,0.7843426883308714,0.7843426883308714,8.43071353132571
91,ed,0.0004323332063855523,e,d,0.7843426883308714,0.7843426883308714,8.23213245929069
92,ee,0.00027408653749267997,e,e,0.7843426883308714,0.7843426883308714,8.6878851745155
93,ef,0.0003712399192973377,e,f,0.7843426883308714,0.7843426883308714,8.384480524964543
94,eg,0.0005357237690973696,e,g,0.7843426883308714,0.7843426883308714,8.017710389237397
95,eh,0.0005953563897011255,e,h,0.7843426883308714,0.7843426883308714,7.9121688607852105
96,ei,0.0006559896659575218,e,i,0.7843426883308714,0.7843426883308714,7.815184025598473
97,ej,0.00041639264466684743,e,j,0.7843426883308714,0.7843426883308714,8.269700388824738
98,ek,0.000448937371195271,e,k,0.7843426883308714,0.7843426883308714,8.194445668380125
99,el,0.0003116536765194785,e,l,0.7843426883308714,0.7843426883308714,8.559436501169635
100,em,0.0005702654800208767,e,m,0.7843426883308714,0.7843426883308714,7.955227054483685
101,en,0.0005416521115077795,e,n,0.7843426883308714,0.7843426883308714,8.006705126632813
102,eo,0.0005821890425701804,e,o,0.7843426883308714,0.7843426883308714,7.934533850901933
103,ep,0.0004376700758525527,e,p,0.7843426883308714,0.7843426883308714,8.219863686243128
104,eq,0.0003421568934121707,e,q,0.7843426883308714,0.7843426883308714,8.46605967677001
105,er,0.0003949796889364916,e,r,0.7843426883308714,0.7843426883308714,8.322494718139845
106,es,0.0005675529547002788,e,s,0.7843426883308714,0.7843426883308714,7.959995004055519
107,et,0.00038139248144615127,e,t,0.7843426883308714,0.7843426883308714,8.357500081373962
108,eu,0.00042465523032317277,e,u,0.7843426883308714,0.7843426883308714,8.250051444368784
109,ev,0.0005479268079315416,e,v,0.7843426883308714,0.7843426883308714,7.9951873454458715
110,fa,0.0005115526840815835,f,a,0.006893156080748399,0.006893156080748399,17.532512442624917
111,fb,0.0005147612714985467,f,b,0.006893156080748399,0.006893156080748399,17.52625977919179
112,fc,0.00034260997446172893,f,c,0.006893156080748399,0.006893156080748399,17.933370322412756
113,fd,0.0003007516490150791,f,d,0.006893156080748399,0.006893156080748399,18.06367818404536
114,fe,0.0003712399192973377,f,e,0.006893156080748399,0.006893156080748399,17.853114485554123
115,ff,0.0001226373686384629,f,f,0.006893156080748399,0.006893156080748399,18.960731243542373
116,fg,0.0005282619179869343,f,g,0.006893156080748399,0.006893156080748399,17.500370804390325
117,fh,0.0005234918187481883,f,h,0.006893156080748399,0.006893156080748399,17.509441619694233
118,fi,0.0005125396226940054,f,i,0.006893156080748399,0.006893156080748399,17.530585001296757
119,fj,0.00043644143060635817,f,j,0.006893156080748399,0.006893156080748399,17.69130883521373
120,fk,0.00035040574188730965,f,k,0.006893156080748399,0.006893156080748399,17.910871276301854
121,fl,0.00039402124824901443,f,l,0.006893156080748399,0.006893156080748399,17.793558184484713
122,fm,0.00046452258733388154,f,m,0.006893156080748399,0.006893156080748399,17.628952837624013
123,fn,0.0005370160153309383,f,n,0.006893156080748399,0.006893156080748399,17.48393510412286
124,fo,0.0005309309274401453,f,o,0.006893156080748399,0.006893156080748399,17.49533108926413
125,fp,0.0004980019700690419,f,p,0.006893156080748399,0.006893156080748399,17.55935898891577
126,fq,0.0004293903500513993,f,q,0.006893156080748399,0.006893156080748399,17.707596609801115
127,fr,0.00033249396373617924,f,r,0.006893156080748399,0.006893156080748399,17.963341316140312
128,fs,0.0005711343253439981,f,s,0.006893156080748399,0.006893156080748399,17.42233859411813
129,ft,0.0004601830239976184,f,t,0.006893156080748399,0.006893156080748399,17.638338733288258
130,fu,0.00033927706875684226,f,u,0.006893156080748399,0.006893156080748399,17.94314593636454
131,fv,0.00042776620539565903,f,v,0.006893156080748399,0.006893156080748399,17.711386224636673
132,ga,0.00037044041453564765,g,a,0.004431314623338257,0.004431314623338257,18.738935919115292
133,gb,0.0005052990183545641,g,b,0.004431314623338257,0.004431314623338257,18.428478156854897
134,gc,0.0003812139163434496,g,c,0.004431314623338257,0.004431314623338257,18.710267848666692
135,gd,0.0004562931788423612,g,d,0.004431314623338257,0.004431314623338257,18.53049298747525
136,ge,0.0005357237690973696,g,e,0.004431314623338257,0.004431314623338257,18.370009854385057
137,gf,0.0005282619179869343,g,f,0.004431314623338257,0.004431314623338257,18.384036308948403
138,gg,0.00025310265442406166,g,g,0.004431314623338257,0.004431314623338257,19.119833371307127
139,gh,0.0004897534169311388,g,h,0.004431314623338257,0.004431314623338257,18.4597264927638
140,gi,0.0005589096543178076,g,i,0.004431314623338257,0.004431314623338257,18.327640686542267
141,gj,0.00043891366697062075,g,j,0.004431314623338257,0.004431314623338257,18.569325791098503
142,gk,0.00046683641841470586,g,k,0.004431314623338257,0.004431314623338257,18.50764961191392
143,gl,0.0005245807898848681,g,l,0.004431314623338257,0.004431314623338257,18.39102907828568
144,gm,0.0007031695165816608,g,m,0.004431314623338257,0.004431314623338257,18.098030530592276
145,gn,0.00039395369867313546,g,n,0.004431314623338257,0.004431314623338257,18.677395140118257
146,go,0.0004839616648839196,g,o,0.004431314623338257,0.004431314623338257,18.471622827658127
147,gp,0.000505391070985502,g,p,0.004431314623338257,0.004431314623338257,18.428295998877566
148,gq,0.0005565347809666747,g,q,0.004431314623338257,0.004431314623338257,18.331898858199136
149,gr,0.0005866203171719523,g,r,0.004431314623338257,0.004431314623338257,18.279250735030097
150,gs,0.0003919636437099476,g,s,0.004431314623338257,0.004431314623338257,18.682459436601174
151,gt,0.0005531378518932911,g,t,0.004431314623338257,0.004431314623338257,18.338021275899024
152,gu,0.0005698949606121842,g,u,0.004431314623338257,0.004431314623338257,18.308176462233334
153,gv,0.0006707987301354146,g,v,0.004431314623338257,0.004431314623338257,18.14515938956525
154,ha,0.00044333065058344896,h,a,0.0009847365829640572,0.0009847365829640572,21.5674674387913
155,hb,0.0002666124721532596,h,b,0.0009847365829640572,0.0009847365829640572,22.07598713108451
156,hc,0.0005241783842628157,h,c,0.0009847365829640572,0.0009847365829640572,21.399951265634098
157,hd,0.0005020345918187796,h,d,0.0009847365829640572,0.0009847365829640572,21.443114294681934
158,he,0.0005953563897011255,h,e,0.0009847365829640572,0.0009847365829640572,21.272623119485417
159,hf,0.0005234918187481883,h,f,0.0009847365829640572,0.0009847365829640572,21.40126191780486
160,hg,0.0004897534169311388,h,g,0.0009847365829640572,0.0009847365829640572,21.46788128631635
161,hh,0.00016699556580556643,h,h,0.0009847365829640572,0.0009847365829640572,22.543816060003387
162,hi,0.0004937616404626175,h,i,0.0009847365829640572,0.0009847365829640572,21.45973042844723
163,hj,0.00045861900330413264,h,j,0.0009847365829640572,0.0009847365829640572,21.53356351279457
164,hk,0.0005241889860812687,h,k,0.0009847365829640572,0.0009847365829640572,21.399931040246024
165,hl,0.0006038882920035471,h,l,0.0009847365829640572,0.0009847365829640572,21.258394086189142
166,hm,0.0006842080798185084,h,m,0.0009847365829640572,0.0009847365829640572,21.133521238384184
167,hn,0.00046592787249877347,h,n,0.0009847365829640572,0.0009847365829640572,21.517752477904725
168,ho,0.00037329335743184206,h,o,0.0009847365829640572,0.0009847365829640572,21.73941872842498
169,hp,0.0005113801598521876,h,p,0.0009847365829640572,0.0009847365829640572,21.42467005365311
170,hq,0.0005896249305279318,h,q,0.0009847365829640572,0.0009847365829640572,21.28229669622489
171,hr,0.0006215811461527558,h,r,0.0009847365829640572,0.0009847365829640572,21.2295168525688
172,hs,0.0004576989150467109,h,s,0.0009847365829640572,0.0009847365829640572,21.535571742794705
173,ht,0.0005938979983455494,h,t,0.0009847365829640572,0.0009847365829640572,21.275075735345055
174,hu,0.0004888707467541892,h,u,0.0009847365829640572,0.0009847365829640572,21.46968518703546
175,hv,0.0006523082579228942,h,v,0.0009847365829640572,0.0009847365829640572,21.18126608158234
176,ia,0.0005747544801349146,i,a,0.002625964221237485,0.002625964221237485,19.346181855440708
177,ib,0.0005087262953118311,i,b,0.002625964221237485,0.002625964221237485,19.46821467229209
178,ic,0.0005448067366218177,i,c,0.002625964221237485,0.002625964221237485,19.399693693911143
179,id,0.0004286426795107317,i,d,0.002625964221237485,0.002625964221237485,19.639501157013424
180,ie,0.0006559896659575218,i,e,0.002625964221237485,0.002625964221237485,19.213979778275228
181,if,0.0005125396226940054,i,f,0.002625964221237485,0.002625964221237485,19.460746793383933
182,ig,0.0005589096543178076,i,g,0.002625964221237485,0.002625964221237485,19.374136974071362
183,ih,0.0004937616404626175,i,h,0.002625964221237485,0.002625964221237485,19.49807192242378
184,ii,0.0002270095972669419,i,i,0.002625964221237485,0.002625964221237485,20.275132518685023
185,ij,0.0005982210228326066,i,j,0.002625964221237485,0.002625964221237485,19.30616452491857
186,ik,0.00044104347898606485,i,k,0.002625964221237485,0.002625964221237485,19.610981351589572
187,il,0.0006465222037681154,i,l,0.002625964221237485,0.002625964221237485,19.228517271783964
188,im,0.0005618306055401068,i,m,0.002625964221237485,0.002625964221237485,19.36892442315193
189,in,0.0005849800684467481,i,n,0.002625964221237485,0.002625964221237485,19.328547038361474
190,io,0.00047877638349022404,i,o,0.002625964221237485,0.002625964221237485,19.528891165887334
191,ip,0.0006595148711335903,i,p,0.002625964221237485,0.002625964221237485,19.208620292975315
192,iq,0.0006831612074532766,i,q,0.002625964221237485,0.002625964221237485,19.173393953779147
193,ir,0.0005706877053607182,i,r,0.002625964221237485,0.002625964221237485,19.35328267975727
194,is,0.0005935896044943166,i,s,0.002625964221237485,0.002625964221237485,19.313936634926222
195,it,0.0006799420584672334,i,t,0.002625964221237485,0.002625964221237485,19.17811722757839
196,iu,0.000559950946930126,i,u,0.002625964221237485,0.002625964221237485,19.372275628856784
197,iv,0.0005255157008843558,i,v,0.002625964221237485,0.002625964221237485,19.43574474611987
198,ja,0.00042973588444981617,j,a,0.008862629246676513,0.008862629246676513,17.204163367566576
199,jb,0.0004792624001661755,j,b,0.008862629246676513,0.008862629246676513,17.095085909633863
200,jc,0.00035750647759976134,j,c,0.008862629246676513,0.008862629246676513,17.38818068420263
201,jd,0.000443702539499899,j,d,0.008862629246676513,0.008862629246676513,17.17217978350266
202,je,0.00041639264466684743,j,e,0.008862629246676513,0.008862629246676513,17.235705492852507
203,jf,0.00043644143060635817,j,f,0.008862629246676513,0.008862629246676513,17.188679978651916
204,jg,0.00043891366697062075,j,g,0.008862629246676513,0.008862629246676513,17.183031429978612
205,jh,0.00045861900330413264,j,h,0.008862629246676513,0.008862629246676513,17.13911435812213
206,ji,0.0005982210228326066,j,i,0.008862629246676513,0.008862629246676513,16.873373876269586
207,jj,0.0003155413372600951,j,j,0.008862629246676513,0.008862629246676513,17.513044470507396
208,jk,0.00044748875757675974,j,k,0.008862629246676513,0.008862629246676513,17.163682750666883
209,jl,0.0004101069922409065,j,l,0.008862629246676513,0.008862629246676513,17.250916082992497
210,jm,0.0006357378043482258,j,m,0.008862629246676513,0.008862629246676513,16.81254794430811
211,jn,0.00045521962433068544,j,n,0.008862629246676513,0.008862629246676513,17.14655417200284
212,jo,0.0004974542094496912,j,o,0.008862629246676513,0.008862629246676513,17.057830654277282
213,jp,0.00042206790750669434,j,p,0.008862629246676513,0.008862629246676513,17.22216794598035
214,jq,0.0004361595587667778,j,q,0.008862629246676513,0.008862629246676513,17.18932602845662
215,jr,0.0005059306347346165,j,r,0.008862629246676513,0.008862629246676513,17.040934590947035
216,js,0.0004538283872610862,j,s,0.008862629246676513,0.008862629246676513,17.149615040379555
217,jt,0.0004372382242170799,j,t,0.008862629246676513,0.008862629246676513,17.186855983261314
218,ju,0.0004496702258809139,j,u,0.008862629246676513,0.008862629246676513,17.158819682596267
219,jv,0.0006093036934568044,j,v,0.008862629246676513,0.008862629246676513,16.855017346293252
220,ka,0.0004994671188994574,k,a,0.0011488593467914,0.0011488593467914,21.139940192457903
221,kb,0.0005371084067908423,k,b,0.0011488593467914,0.0011488593467914,21.067282011372473
222,kc,0.00035949708392958357,k,c,0.0011488593467914,0.0011488593467914,21.468775894683954
223,kd,0.00027955933354983367,k,d,0.0011488593467914,0.0011488593467914,21.720267405669883
224,ke,0.000448937371195271,k,e,0.0011488593467914,0.0011488593467914,21.246598567425814
225,kf,0.00035040574188730965,k,f,0.0011488593467914,0.0011488593467914,21.494390214757964
226,kg,0.00046683641841470586,k,g,0.0011488593467914,0.0011488593467914,21.20750304581195
227,kh,0.0005241889860812687,k,h,0.0011488593467914,0.0011488593467914,21.09162968059151
228,ki,0.00044104347898606485,k,i,0.0011488593467914,0.0011488593467914,21.26433849795851
229,kj,0.00044748875757675974,k,j,0.0011488593467914,0.0011488593467914,21.249830545684805
230,kk,0.00019830723439411016,k,k,0.0011488593467914,0.0011488593467914,22.063664443422212
231,kl,0.0004277948160336577,k,l,0.0011488593467914,0.0011488593467914,21.294838281509136
232,km,0.000452084474517596,k,m,0.0011488593467914,0.0011488593467914,21.23961290745461
233,kn,0.0005198686044250018,k,n,0.0011488593467914,0.0011488593467914,21.099905864503167
234,ko,0.0005038719624426038,k,o,0.0011488593467914,0.0011488593467914,21.13115976732621
235,kp,0.0005343954353568029,k,p,0.0011488593467914,0.0011488593467914,21.07234587978743
236,kq,0.0005023223570280832,k,q,0.0011488593467914,0.0011488593467914,21.134239901271823
237,kr,0.0003983996592795098,k,r,0.0011488593467914,0.0011488593467914,21.366026289862674
238,ks,0.0005321107526410433,k,s,0.0011488593467914,0.0011488593467914,21.076630311019688
239,kt,0.0004990479480927624,k,t,0.0011488593467914,0.0011488593467914,21.14077978085306
240,ku,0.0004461567771613633,k,u,0.0011488593467914,0.0011488593467914,21.252811551799635
241,kv,0.00043505745247148815,k,v,0.0011488593467914,0.0011488593467914,21.27800386333594
242,la,0.0005389940177994022,l,a,0.03840472673559823,0.03840472673559823,14.044955555600861
243,lb,0.0006149153953120527,l,b,0.03840472673559823,0.03840472673559823,13.913175338001057
244,lc,0.00036744355077183505,l,c,0.03840472673559823,0.03840472673559823,14.428090324233116
245,ld,0.0004414076528473655,l,d,0.03840472673559823,0.03840472673559823,14.24469119640391
246,le,0.0003116536765194786,l,e,0.03840472673559823,0.03840472673559823,14.592767467610548
247,lf,0.00039402124824901443,l,f,0.03840472673559823,0.03840472673559823,14.358255190336047
248,lg,0.0005245807898848681,l,g,0.03840472673559823,0.03840472673559823,14.072060579578935
249,lh,0.0006038882920035471,l,h,0.03840472673559823,0.03840472673559823,13.931270793929848
250,li,0.0006465222037681154,l,i,0.03840472673559823,0.03840472673559823,13.863052485548124
251,lj,0.0004101069922409065,l,j,0.03840472673559823,0.03840472673559823,14.318241945405642
252,lk,0.0004277948160336577,l,k,0.03840472673559823,0.03840472673559823,14.27601634890436
253,ll,0.00025825742574281293,l,l,0.03840472673559823,0.03840472673559823,14.780703166073103
254,lm,0.0005486855904606624,l,m,0.03840472673559823,0.03840472673559823,14.027134445260202
255,ln,0.0005547568455735632,l,n,0.03840472673559823,0.03840472673559823,14.016130126083988
256,lo,0.0005961973097769541,l,o,0.03840472673559823,0.03840472673559823,13.944088358794938
257,lp,0.00046203522389792745,l,p,0.03840472673559823,0.03840472673559823,14.199018897367104
258,lq,0.0003690178531672122,l,q,0.03840472673559823,0.03840472673559823,14.42381500230876
259,lr,0.00039994009741040363,l,r,0.03840472673559823,0.03840472673559823,14.34334524832649
260,ls,0.0005617245946890898,l,s,0.03840472673559823,0.03840472673559823,14.003648343000686
261,lt,0.0003605290833720788,l,t,0.03840472673559823,0.03840472673559823,14.447087399178997
262,lu,0.00042762763213600297,l,u,0.03840472673559823,0.03840472673559823,14.276407229223532
263,lv,0.0005288497824406194,l,v,0.03840472673559823,0.03840472673559823,14.063955601353902
264,ma,0.000719902463648234,m,a,0.002133595929755457,0.002133595929755457,19.53628780785982
265,mb,0.0006957945732999155,m,b,0.002133595929755457,0.002133595929755457,19.5703490800748
266,mc,0.0005802969392403491,m,c,0.002133595929755457,0.002133595929755457,19.751863606799187
267,md,0.0004767093963721512,m,d,0.002133595929755457,0.002133595929755457,19.948496470231238
268,me,0.0005702654800208767,m,e,0.002133595929755457,0.002133595929755457,19.769301536716927
269,mf,0.00046452258733388154,m,f,0.002133595929755457,0.002133595929755457,19.974393359267676
270,mg,0.0007031695165816608,m,g,0.002133595929755457,0.002133595929755457,19.559805547677858
271,mh,0.0006842080798185084,m,h,0.002133595929755457,0.002133595929755457,19.58714146191722
272,mi,0.0005618306055401068,m,i,0.002133595929755457,0.002133595929755457,19.784203152708418
273,mj,0.0006357378043482258,m,j,0.002133595929755457,0.002133595929755457,19.660617322513588
274,mk,0.000452084474517596,m,k,0.002133595929755457,0.002133595929755457,20.00153449064216
275,ml,0.0005486855904606624,m,l,0.002133595929755457,0.002133595929755457,19.807877961052533
276,mm,0.0002661491830026215,m,m,0.002133595929755457,0.002133595929755457,20.531346553611822
277,mn,0.000730256195645874,m,n,0.002133595929755457,0.002133595929755457,19.522008118025777
278,mo,0.0006534966713818148,m,o,0.002133595929755457,0.002133595929755457,19.63306610401127
279,mp,0.0006838463120719857,m,p,0.002133595929755457,0.002133595929755457,19.587670341115444
280,mq,0.0006173913603032849,m,q,0.002133595929755457,0.002133595929755457,19.68990042524591
281,mr,0.00043494009023838846,m,r,0.002133595929755457,0.002133595929755457,20.04019524552418
282,ms,0.0007381443239697079,m,s,0.002133595929755457,0.002133595929755457,19.5112641771227
283,mt,0.0006118617711619841,m,t,0.002133595929755457,0.002133595929755457,19.69889715065141
284,mu,0.0005096105317278376,m,u,0.002133595929755457,0.002133595929755457,19.881756772837907
285,mv,0.00033929829348249685,m,v,0.002133595929755457,0.002133595929755457,20.288523901284684
286,na,0.00037243056709710906,n,a,0.008370260955194487,0.008370260955194487,17.461600369621827
287,nb,0.0004559406898875717,n,b,0.008370260955194487,0.008370260955194487,17.25928825799357
288,nc,0.0004163144761340147,n,c,0.008370260955194487,0.008370260955194487,17.3502100660941
289,nd,0.00048398675922484217,n,d,0.008370260955194487,0.008370260955194487,17.199593443643654
290,ne,0.0005416521115077796,n,e,0.008370260955194487,0.008370260955194487,17.087027058340478
291,nf,0.0005370160153309383,n,f,0.008370260955194487,0.008370260955194487,17.095623075240944
292,ng,0.00039395369867313546,n,g,0.008370260955194487,0.008370260955194487,17.405417606678263
293,nh,0.00046592787249877347,n,h,0.008370260955194487,0.008370260955194487,17.237620150912182
294,ni,0.0005849800684467481,n,i,0.008370260955194487,0.008370260955194487,17.010073217392385
295,nj,0.00045521962433068544,n,j,0.008370260955194487,0.008370260955194487,17.260870999682737
296,nk,0.0005198686044250018,n,k,0.008370260955194487,0.008370260955194487,17.128074897165142
297,nl,0.0005547568455735632,n,l,0.008370260955194487,0.008370260955194487,17.063121091350737
298,nm,0.000730256195645874,n,m,0.008370260955194487,0.008370260955194487,16.788255567500197
299,nn,0.00031879863554811535,n,n,0.008370260955194487,0.008370260955194487,17.617091326067708
300,no,0.00042770942671254363,n,o,0.008370260955194487,0.008370260955194487,17.323206937544395
301,np,0.0004499464073821093,n,p,0.008370260955194487,0.008370260955194487,17.272522512047008
302,nq,0.0005290083143092983,n,q,0.008370260955194487,0.008370260955194487,17.110646844247015
303,nr,0.000580295700767668,n,r,0.008370260955194487,0.008370260955194487,17.018113190480978
304,ns,0.0003742662300411543,n,s,0.008370260955194487,0.008370260955194487,17.456683603809754
305,nt,0.0005454629769675605,n,t,0.008370260955194487,0.008370260955194487,17.0800160599464
306,nu,0.000547413247595778,n,u,0.008370260955194487,0.008370260955194487,17.076446995756637
307,nv,0.0006796871190513478,n,v,0.008370260955194487,0.008370260955194487,16.860018419771844
308,oa,0.00045088871330779156,o,a,0.0068931560807484,0.0068931560807484,17.658742468256072
309,ob,0.0003562496180556949,o,b,0.0068931560807484,0.0068931560807484,17.894331362436606
310,oc,0.0005033752724001103,o,c,0.0068931560807484,0.0068931560807484,17.54862706157558
311,od,0.00047147728232725103,o,d,0.0068931560807484,0.0068931560807484,17.61409210268433
312,oe,0.0005821890425701802,o,e,0.0068931560807484,0.0068931560807484,17.403167811491514
313,of,0.0005309309274401453,o,f,0.0068931560807484,0.0068931560807484,17.49533108926413
314,og,0.0004839616648839196,o,g,0.0068931560807484,0.0068931560807484,17.58795732310005
315,oh,0.00037329335743184206,o,h,0.0068931560807484,0.0068931560807484,17.847598430314353
316,oi,0.00047877638349022404,o,i,0.0068931560807484,0.0068931560807484,17.59872937380016
317,oj,0.0004974542094496912,o,j,0.0068931560807484,0.0068931560807484,17.56045951083909
318,ok,0.0005038719624426038,o,k,0.0068931560807484,0.0068931560807484,17.5476408288701
319,ol,0.000596197309776954,o,l,0.0068931560807484,0.0068931560807484,17.379391352943603
320,om,0.0006534966713818148,o,m,0.0068931560807484,0.0068931560807484,17.287625582367607
321,on,0.0004277094267125436,o,n,0.0068931560807484,0.0068931560807484,17.71151896642631
322,oo,0.000298096818819921,o,o,0.0068931560807484,0.0068931560807484,18.072544692787332
323,op,0.00048259097892663797,o,p,0.0068931560807484,0.0068931560807484,17.59079356152928
324,oq,0.0005650505270489674,o,q,0.0068931560807484,0.0068931560807484,17.433047866341315
325,or,0.0005651302949843386,o,r,0.0068931560807484,0.0068931560807484,17.43290670674287
326,os,0.00044433282647267364,o,s,0.0068931560807484,0.0068931560807484,17.67338913110624
327,ot,0.0005781276733114914,o,t,0.0068931560807484,0.0068931560807484,17.410168289532166
328,ou,0.000506274458716204,o,u,0.0068931560807484,0.0068931560807484,17.54288409112735
329,ov,0.0006059809056390454,o,v,0.0068931560807484,0.0068931560807484,17.363114545168084
330,pa,0.00047043811504705294,p,a,0.005580173970129656,0.005580173970129656,18.03891678904128
331,pb,0.0005025993341577872,p,b,0.005580173970129656,0.005580173970129656,17.972787908915816
332,pc,0.0004400166539728188,p,c,0.005580173970129656,0.005580173970129656,18.1057686330947
333,pd,0.0005119613669208401,p,d,0.005580173970129656,0.005580173970129656,17.954332042269055
334,pe,0.0004376700758525526,p,e,0.005580173970129656,0.005580173970129656,18.111115834167123
335,pf,0.0004980019700690419,p,f,0.005580173970129656,0.005580173970129656,17.98197717625018
336,pg,0.000505391070985502,p,g,0.005580173970129656,0.005580173970129656,17.967248681653903
337,ph,0.0005113801598521876,p,h,0.005580173970129656,0.005580173970129656,17.955467942876897
338,pi,0.0006595148711335903,p,i,0.005580173970129656,0.005580173970129656,17.701076688222553
339,pj,0.00042206790750669434,p,j,0.005580173970129656,0.005580173970129656,18.147414989876573
340,pk,0.0005343954353568029,p,k,0.005580173970129656,0.005580173970129656,17.911445128665733
341,pl,0.00046203522389792734,p,l,0.005580173970129656,0.005580173970129656,18.056940078850186
342,pm,0.0006838463120719857,p,m,0.005580173970129656,0.005580173970129656,17.664848006806196
343,pn,0.0004499464073821092,p,n,0.005580173970129656,0.005580173970129656,18.083452728263335
344,po,0.00048259097892663797,p,o,0.005580173970129656,0.005580173970129656,18.013411748863696
345,pp,0.0003035512599373926,p,p,0.005580173970129656,0.005580173970129656,18.477030716986125
346,pq,0.0003938974847536679,p,q,0.005580173970129656,0.005580173970129656,18.216490524767092
347,pr,0.0005119065743105312,p,r,0.005580173970129656,0.005580173970129656,17.954439072889226
348,ps,0.00046773562923469207,p,s,0.005580173970129656,0.005580173970129656,18.044677967722137
349,pt,0.0004205443619357113,p,t,0.005580173970129656,0.005580173970129656,18.151031237316943
350,pu,0.0004508410975715599,p,u,0.005580173970129656,0.005580173970129656,18.08146626535452
351,pv,0.0006378419348671892,p,v,0.005580173970129656,0.005580173970129656,17.734490707571364
352,qa,0.0005351803231562216,q,a,0.03003446578040374,0.03003446578040374,14.54372621004344
353,qb,0.0005841175248804119,q,b,0.03003446578040374,0.03003446578040374,14.456227748962913
354,qc,0.00041177693127834826,q,c,0.03003446578040374,0.03003446578040374,14.805848178990516
355,qd,0.0004860983913808224,q,d,0.03003446578040374,0.03003446578040374,14.639918897967577
356,qe,0.00034215689341217067,q,e,0.03003446578040374,0.03003446578040374,14.991060568243483
357,qf,0.0004293903500513993,q,f,0.03003446578040374,0.03003446578040374,14.763963540685008
358,qg,0.0005565347809666747,q,g,0.03003446578040374,0.03003446578040374,14.504600284524953
359,qh,0.0005896249305279318,q,h,0.03003446578040374,0.03003446578040374,14.446843328998158
360,qi,0.0006831612074532766,q,i,0.03003446578040374,0.03003446578040374,14.299599092575868
361,qj,0.00043615955876677784,q,j,0.03003446578040374,0.03003446578040374,14.748321815902328
362,qk,0.0005023223570280832,q,k,0.03003446578040374,0.03003446578040374,14.607087893699607
363,ql,0.0003690178531672122,q,l,0.03003446578040374,0.03003446578040374,14.915484927341321
364,qm,0.0006173913603032849,q,m,0.03003446578040374,0.03003446578040374,14.400826834486141
365,qn,0.0005290083143092984,q,n,0.03003446578040374,0.03003446578040374,14.555325804012822
366,qo,0.0005650505270489676,q,o,0.03003446578040374,0.03003446578040374,14.489414797225209
367,qp,0.0003938974847536679,q,p,0.03003446578040374,0.03003446578040374,14.850239268316571
368,qq,0.00029828535862841014,q,q,0.03003446578040374,0.03003446578040374,15.128279345169622
369,qr,0.0004216713628399724,q,r,0.03003446578040374,0.03003446578040374,14.782103703177032
370,qs,0.0005507824910290298,q,s,0.03003446578040374,0.03003446578040374,14.51498997468439
371,qt,0.0003580738801460533,q,t,0.03003446578040374,0.03003446578040374,14.945590618545845
372,qu,0.00041024556721646303,q,u,0.03003446578040374,0.03003446578040374,14.809574027945297
373,qv,0.0005742115446000433,q,v,0.03003446578040374,0.03003446578040374,14.473332079755355
374,ra,0.000587676005770317,r,a,0.0027900869850648285,0.0027900869850648285,19.20269978490703
375,rb,0.0006118581776408108,r,b,0.0027900869850648285,0.0027900869850648285,19.16237505057244
376,rc,0.00041489285366360827,r,c,0.0027900869850648285,0.0027900869850648285,19.550855267396457
377,rd,0.0003847712510304301,r,d,0.0027900869850648285,0.0027900869850648285,19.626226565807702
378,re,0.0003949796889364916,r,e,0.0027900869850648285,0.0027900869850648285,19.60004122718373
379,rf,0.00033249396373617924,r,f,0.0027900869850648285,0.0027900869850648285,19.772253864594617
380,rg,0.0005866203171719523,r,g,0.0027900869850648285,0.0027900869850648285,19.204497778926324
381,rh,0.0006215811461527558,r,h,0.0027900869850648285,0.0027900869850648285,19.14660910291248
382,ri,0.0005706877053607182,r,i,0.0027900869850648285,0.0027900869850648285,19.232033436124404
383,rj,0.0005059306347346165,r,j,0.0027900869850648285,0.0027900869850648285,19.352475995963154
384,rk,0.0003983996592795098,r,k,0.0027900869850648285,0.0027900869850648285,19.591419899860867
385,rl,0.00039994009741040363,r,l,0.0027900869850648285,0.0027900869850648285,19.58756079092946
386,rm,0.00043494009023838846,r,m,0.0027900869850648285,0.0027900869850648285,19.503667272334823
387,rn,0.000580295700767668,r,n,0.0027900869850648285,0.0027900869850648285,19.215337767817196
388,ro,0.0005651302949843386,r,o,0.0027900869850648285,0.0027900869850648285,19.241819255197175
389,rp,0.0005119065743105312,r,p,0.0027900869850648285,0.0027900869850648285,19.340733434009117
390,rq,0.0004216713628399724,r,q,0.0027900869850648285,0.0027900869850648285,19.53464932074744
391,rr,0.00018004209438412632,r,r,0.0027900869850648285,0.0027900869850648285,20.385684889109477
392,rs,0.0006075509494873278,r,s,0.0027900869850648285,0.0027900869850648285,19.169439531181954
393,rt,0.00044012623106617953,r,t,0.0027900869850648285,0.0027900869850648285,19.49181399579447
394,ru,0.00038112461723060153,r,u,0.0027900869850648285,0.0027900869850648285,19.635749169355506
395,rv,0.0003672585759280666,r,v,0.0027900869850648285,0.0027900869850648285,19.672809403823265
396,sa,0.00041111576358160277,s,a,0.008534383719021828,0.008534383719021828,17.32393998324623
397,sb,0.00047477735571746634,s,b,0.008534383719021828,0.008534383719021828,17.17996885195491
398,sc,0.0004589922947737023,s,c,0.008534383719021828,0.008534383719021828,17.213781398364166
399,sd,0.0005209837094925529,s,d,0.008534383719021828,0.008534383719021828,17.0870960478025
400,se,0.0005675529547002787,s,e,0.008534383719021828,0.008534383719021828,17.00148076404898
401,sf,0.0005711343253439981,s,f,0.008534383719021828,0.008534383719021828,16.995190393522012
402,sg,0.0003919636437099476,s,g,0.008534383719021828,0.008534383719021828,17.37164573144698
403,sh,0.0004576989150467109,s,h,0.008534383719021828,0.008534383719021828,17.21660324408796
404,si,0.0005935896044943166,s,i,0.008534383719021828,0.008534383719021828,16.95662664224293
405,sj,0.0004538283872610862,s,j,0.008534383719021828,0.008534383719021828,17.22509569634525
406,sk,0.0005321107526410433,s,k,0.008534383719021828,0.008534383719021828,17.06596317196746
407,sl,0.0005617245946890897,s,l,0.008534383719021828,0.008534383719021828,17.011803136553237
408,sm,0.0007381443239697079,s,m,0.008534383719021828,0.008534383719021828,16.73867545488292
409,sn,0.0003742662300411543,s,n,0.008534383719021828,0.008534383719021828,17.417847432095552
410,so,0.0004443328264726736,s,o,0.008534383719021828,0.008534383719021828,17.246240930510126
411,sp,0.00046773562923469207,s,p,0.008534383719021828,0.008534383719021828,17.194911579791608
412,sq,0.0005507824910290298,s,q,0.008534383719021828,0.008534383719021828,17.03147484320438
413,sr,0.0006075509494873278,s,r,0.008534383719021828,0.008534383719021828,16.93337878213153
414,ss,0.00032941726107571203,s,s,0.008534383719021828,0.008534383719021828,17.54548960336217
415,st,0.0005453469823289876,s,t,0.008534383719021828,0.008534383719021828,17.0413925643964
416,su,0.0005519955702942144,s,u,0.008534383719021828,0.008534383719021828,17.029274799882835
417,sv,0.0006893337235021171,s,v,0.008534383719021828,0.008534383719021828,16.807089308329484
418,ta,0.0005546809687066167,t,a,0.013293943870014771,0.013293943870014771,16.13801083180797
419,tb,0.000604105399404433,t,b,0.013293943870014771,0.013293943870014771,16.05265526408011
420,tc,0.0004369945440920936,t,c,0.013293943870014771,0.013293943870014771,16.37648323901385
421,td,0.0005070698941366361,t,d,0.013293943870014771,0.013293943870014771,16.227755096769112
422,te,0.00038139248144615127,t,e,0.013293943870014771,0.013293943870014771,16.5125749691854
423,tf,0.0004601830239976184,t,f,0.013293943870014771,0.013293943870014771,16.324779660510117
424,tg,0.0005531378518932911,t,g,0.013293943870014771,0.013293943870014771,16.140796698562802
425,th,0.0005938979983455494,t,h,0.013293943870014771,0.013293943870014771,16.069696364456288
426,ti,0.0006799420584672334,t,i,0.013293943870014771,0.013293943870014771,15.934396362713073
427,tj,0.0004372382242170799,t,j,0.013293943870014771,0.013293943870014771,16.375925767044986
428,tk,0.0004990479480927624,t,k,0.013293943870014771,0.013293943870014771,16.24370176961881
429,tl,0.0003605290833720788,t,l,0.013293943870014771,0.013293943870014771,16.568831320549524
430,tm,0.0006118617711619841,t,m,0.013293943870014771,0.013293943870014771,16.039897556229604
431,tn,0.0005454629769675605,t,n,0.013293943870014771,0.013293943870014771,16.154769016050174
432,to,0.0005781276733114914,t,o,0.013293943870014771,0.013293943870014771,16.096609216754022
433,tp,0.00042054436193571113,t,p,0.013293943870014771,0.013293943870014771,16.41485397720439
434,tq,0.0003580738801460534,t,q,0.013293943870014771,0.013293943870014771,16.57566461488381
435,tr,0.00044012623106617953,t,r,0.013293943870014771,0.013293943870014771,16.369342374562027
436,ts,0.0005453469823289877,t,s,0.013293943870014771,0.013293943870014771,16.154981692214378
437,tt,0.0003256914703385664,t,t,0.013293943870014771,0.013293943870014771,16.670453425882787
438,tu,0.00041321803257290463,t,u,0.013293943870014771,0.013293943870014771,16.432428571552816
439,tv,0.0005676105433912751,t,v,0.013293943870014771,0.013293943870014771,16.114968428613174
440,ua,0.0005519365854396054,u,a,0.0013129821106187428,0.0013129821106187428,20.772986016873865
441,ub,0.0004967739459603282,u,b,0.0013129821106187428,0.0013129821106187428,20.878284089576688
442,uc,0.00045753500897315,u,c,0.0013129821106187428,0.0013129821106187428,20.960565770968017
443,ud,0.0004387626263320999,u,d,0.0013129821106187428,0.0013129821106187428,21.002460622770695
444,ue,0.00042465523032317277,u,e,0.0013129821106187428,0.0013129821106187428,21.035141558165428
445,uf,0.00033927706875684226,u,f,0.0013129821106187428,0.0013129821106187428,21.259602089571604
446,ug,0.0005698949606121842,u,g,0.0013129821106187428,0.0013129821106187428,20.74096711088232
447,uh,0.0004888707467541892,u,h,0.0013129821106187428,0.0013129821106187428,20.894321042131896
448,ui,0.000559950946930126,u,i,0.0013129821106187428,0.0013129821106187428,20.758569989976674
449,uj,0.0004496702258809139,u,j,0.0013129821106187428,0.0013129821106187428,20.977904692365144
450,uk,0.0004461567771613633,u,k,0.0013129821106187428,0.0013129821106187428,20.98574876655059
451,ul,0.00042762763213600297,u,l,0.0013129821106187428,0.0013129821106187428,21.028166376579264
452,um,0.0005096105317278376,u,m,0.0013129821106187428,0.0013129821106187428,20.852772404401307
453,un,0.000547413247595778,u,n,0.0013129821106187428,0.0013129821106187428,20.781215177845617
454,uo,0.000506274458716204,u,o,0.0013129821106187428,0.0013129821106187428,20.859340244334412
455,up,0.0004508410975715599,u,p,0.0013129821106187428,0.0013129821106187428,20.975304231227174
456,uq,0.00041024556721646303,u,q,0.0013129821106187428,0.0013129821106187428,21.069663250268466
457,ur,0.00038112461723060153,u,r,0.0013129821106187428,0.0013129821106187428,21.143292774108268
458,us,0.0005519955702942144,u,s,0.0013129821106187428,0.0013129821106187428,20.772879153686016
459,ut,0.00041321803257290463,u,t,0.0013129821106187428,0.0013129821106187428,21.06244379753802
460,uu,0.00015133973151129458,u,u,0.0013129821106187428,0.0013129821106187428,22.066891987913078
461,uv,0.0004443890024360861,u,v,0.0013129821106187428,0.0013129821106187428,20.989718864635833
462,va,0.0006860593746052207,v,a,0.0019694731659281144,0.0019694731659281144,19.744524783002124
463,vb,0.0006589233965373544,v,b,0.0019694731659281144,0.0019694731659281144,19.78488167311608
464,vc,0.0005478824600309473,v,c,0.0019694731659281144,0.0019694731659281144,19.96942818393792
465,vd,0.0004501838869136235,v,d,0.0019694731659281144,0.0019694731659281144,20.165832822004667
466,ve,0.0005479268079315416,v,e,0.0019694731659281144,0.0019694731659281144,19.96934724302619
467,vf,0.00042776620539565903,v,f,0.0019694731659281144,0.0019694731659281144,20.21691216162741
468,vg,0.0006707987301354146,v,g,0.0019694731659281144,0.0019694731659281144,19.767019821997906
469,vh,0.0006523082579228942,v,h,0.0019694731659281144,0.0019694731659281144,19.79497172046245
470,vi,0.0005255157008843558,v,i,0.0019694731659281144,0.0019694731659281144,20.011108891023433
471,vj,0.0006093036934568044,v,j,0.0019694731659281144,0.0019694731659281144,19.863172139845798
472,vk,0.00043505745247148815,v,k,0.0019694731659281144,0.0019694731659281144,20.200010861870567
473,vl,0.0005288497824406194,v,l,0.0019694731659281144,0.0019694731659281144,20.004784532493304
474,vm,0.00033929829348249685,v,m,0.0019694731659281144,0.0019694731659281144,20.448609316631757
475,vn,0.0006796871190513478,v,n,0.0019694731659281144,0.0019694731659281144,19.753856385644493
476,vo,0.0006059809056390454,v,o,0.0019694731659281144,0.0019694731659281144,19.86864048215882
477,vp,0.0006378419348671892,v,p,0.0019694731659281144,0.0019694731659281144,19.817398457227686
478,vq,0.0005742115446000433,v,q,0.0019694731659281144,0.0019694731659281144,19.922491085862198
479,vr,0.0003672585759280666,v,r,0.0019694731659281144,0.0019694731659281144,20.3694227923597
480,vs,0.0006893337235021171,v,s,0.0019694731659281144,0.0019694731659281144,19.73976344591634
481,vt,0.0005676105433912751,v,t,0.0019694731659281144,0.0019694731659281144,19.93405343838205
482,vu,0.0004443890024360861,v,u,0.0019694731659281144,0.0019694731659281144,20.178788648419506
483,vv,0.00020091654010982211,v,v,0.0019694731659281144,0.0019694731659281144,20.972599360389484
