PDBID,DN,CHAIN,MODEL,δ(i-1)_torsional,ε(i-1)_torsional,ζ(i-1)_torsional,α(i)_torsional,β(i)_torsional,γ(i)_torsional,δ(i)_torsional,chi1_ant,chi1,C1'(i-1)_CS,C2'(i-1)_CS,C3'(i-1)_CS,C4'(i-1)_CS,C5'(i-1)_CS,C1'(i)_CS,C2'(i)_CS,C3'(i)_CS,C4'(i)_CS,C5'(i)_CS,PDBID_DN,SEQ,46_rotamers,δδ_families,δδγ_families,δδα_families,δδαγ_families,αγ_families,A_noA_families,h_noh1,A*_noA*_families
1aju,A20G21,A,M01,84.53,204.35,283.89,290.95,161.99,68.95,81.77,193.73,194.99,93.09,75.69,72.89,81.99,65.29,92.69,75.49,73.19,82.39,65.99,1ajuA20G21,AG,1a,a,a,a,e,e,a,a,a
1aju,A22U23,A,M01,77.35,67.99,81.06,35.49,184.33,268.53,145.79,189.26,207.26,91.69,76.89,74.69,83.79,65.89,90.19,75.19,76.89,85.19,67.59,1ajuA22U23,AU,5q,b,f,f,h,b,b,b,b
1aju,C18C19,A,M01,85.22,187.32,290.31,159.98,198.14,162.34,88.86,193.93,189.88,93.99,75.59,72.09,81.79,64.79,94.19,75.29,72.49,81.79,64.89,1ajuC18C19,CC,1c,a,e,e,d,d,b,b,b
1aju,C19A20,A,M01,88.86,208.92,300.46,284.74,199.21,41.6,84.53,189.88,193.73,94.19,75.29,72.49,81.79,64.89,93.09,75.69,72.89,81.99,65.29,1ajuC19A20,CA,1m,a,a,a,e,e,b,b,a
1aju,G16G17,A,M01,87.08,191.93,295.61,147.18,188.94,179.7,84.03,199.68,184.45,90.99,74.89,75.09,83.69,67.39,92.99,75.39,73.09,82.59,66.39,1ajuG16G17,GG,1c,a,e,e,d,d,b,b,b
1aju,G17C18,A,M01,84.03,69.56,81.0,46.7,197.51,194.68,85.22,184.45,193.93,92.99,75.39,73.09,82.59,66.39,93.99,75.59,72.09,81.79,64.79,1ajuG17C18,GC,5q,b,f,f,h,b,b,b,b
1aju,G21A22,A,M01,81.77,197.32,296.11,285.59,172.78,69.31,77.35,194.99,189.26,92.69,75.49,73.19,82.39,65.99,91.69,76.89,74.69,83.79,65.89,1ajuG21A22,GA,1a,a,a,a,e,e,a,a,a
1aju,G32G33,A,M01,144.69,278.55,131.95,283.45,185.57,45.96,145.79,213.23,224.88,89.99,75.79,77.19,84.69,67.79,89.29,75.69,76.39,84.59,67.59,1ajuG32G33,GG,0b,d,d,d,t,e,b,b,b
1hwq,G01G02,A,M01,86.6,204.65,289.78,301.32,176.49,44.86,84.39,225.15,219.66,91.52,74.72,74.62,82.02,63.82,93.32,75.22,72.72,84.42,65.42,1hwqG01G02,GG,1a,a,a,a,e,e,a,a,a
1hwq,G02U03,A,M01,84.39,206.06,289.91,301.01,176.17,44.85,87.32,219.66,217.84,93.32,75.22,72.72,84.42,65.42,93.72,75.62,72.32,78.42,67.42,1hwqG02U03,GU,1a,a,a,a,e,e,a,a,a
1hwq,U03G04,A,M01,87.32,203.57,288.68,295.46,174.86,50.43,86.78,217.84,216.79,93.72,75.62,72.32,78.42,67.42,93.02,74.92,74.92,81.32,66.72,1hwqU03G04,UG,1a,a,a,a,e,e,a,a,a
1kka,A05U06,A,M01,88.72,230.04,245.11,120.14,245.71,194.63,87.55,182.16,158.01,93.21,75.53,72.49,82.18,64.75,93.25,76.0,73.73,83.09,65.84,1kkaA05U06,AU,1c,a,e,e,d,d,b,b,b
1kka,A09A10,A,M01,151.66,293.15,101.35,46.65,202.4,174.94,136.11,236.23,302.38,88.27,75.4,77.03,84.66,68.43,88.78,75.18,76.11,84.39,68.82,1kkaA09A10,AA,6n,c,g,g,o,b,b,b,b
1kka,A10A11,A,M01,136.11,182.22,247.41,314.63,130.56,78.32,112.12,302.38,227.56,88.78,75.18,76.11,84.39,68.82,89.2,75.18,73.96,83.02,67.92,1kkaA10A11,AA,7a,a,a,a,e,e,b,b,b
1kka,A11A12,A,M01,112.12,211.34,202.06,84.73,265.43,201.91,86.9,227.56,184.08,89.2,75.18,73.96,83.02,67.92,92.75,75.4,72.15,82.0,64.27,1kkaA11A12,AA,4n,c,g,g,o,b,b,b,b
1kka,A12U13,A,M01,86.9,217.06,276.89,291.14,161.26,67.51,86.87,184.08,200.68,92.75,75.4,72.15,82.0,64.27,93.25,75.47,72.35,81.77,64.71,1kkaA12U13,AU,1a,a,a,a,e,e,a,a,a
1kka,C14C15,A,M01,86.84,212.2,272.77,283.38,164.08,75.78,86.57,203.37,206.92,93.74,75.24,72.16,81.83,64.42,93.93,75.34,71.97,82.08,64.49,1kkaC14C15,CC,1a,a,a,a,e,e,a,a,a
1kka,C15C16,A,M01,86.57,221.16,279.52,297.72,187.87,39.98,86.7,206.92,209.44,93.93,75.34,71.97,82.08,64.49,94.09,77.31,69.65,83.6,65.31,1kkaC15C16,CC,1a,a,a,a,e,e,a,a,a
1kka,G01G02,A,M01,93.88,221.07,270.08,105.08,206.96,206.7,86.43,218.66,195.24,92.22,75.45,72.62,82.11,65.6,92.69,75.62,72.77,81.97,65.36,1kkaG01G02,GG,1c,a,e,e,d,d,b,b,b
1kka,G02G03,A,M01,86.43,203.49,284.48,289.62,182.58,60.82,86.63,195.24,200.53,92.69,75.62,72.77,81.97,65.36,92.75,75.46,73.2,82.04,65.68,1kkaG02G03,GG,1a,a,a,a,e,e,a,a,a
1kka,G03G04,A,M01,86.63,208.27,281.78,120.05,202.65,210.45,87.16,200.53,203.44,92.75,75.46,73.2,82.04,65.68,93.03,75.45,72.72,82.16,65.09,1kkaG03G04,GG,1c,a,e,e,d,d,b,b,b
1kka,G04A05,A,M01,87.16,210.88,275.56,120.23,220.0,202.56,88.72,203.44,182.16,93.03,75.45,72.72,82.16,65.09,93.21,75.53,72.49,82.18,64.75,1kkaG04A05,GA,1c,a,e,e,d,d,b,b,b
1kka,G08A09,A,M01,147.63,220.12,146.77,10.98,126.99,341.69,151.66,227.57,236.23,88.15,77.19,77.69,84.83,67.6,88.27,75.4,77.03,84.66,68.43,1kkaG08A09,GA,7r,b,i,i,i,c,b,b,b
1kka,U06U07,A,M01,87.55,198.46,301.71,278.14,205.27,72.1,98.01,158.01,181.56,93.25,76.0,73.73,83.09,65.84,92.83,74.83,77.62,84.83,66.92,1kkaU06U07,UU,1m,a,a,a,e,e,b,b,a
1kka,U07G08,A,M01,98.01,230.84,290.83,289.51,133.18,99.61,147.63,181.56,227.57,92.83,74.83,77.62,84.83,66.92,88.15,77.19,77.69,84.83,67.6,1kkaU07G08,UG,1b,b,b,b,l,e,b,b,b
1kka,U13C14,A,M01,86.87,235.44,254.88,284.6,159.2,64.16,86.84,200.68,203.37,93.25,75.47,72.35,81.77,64.71,93.74,75.24,72.16,81.83,64.42,1kkaU13C14,UC,1L,a,a,a,e,e,b,b,a
1nc0,A14A15,A,M01,92.44,231.23,249.28,328.91,122.35,51.21,89.36,189.6,202.02,92.84,73.99,75.48,82.15,66.12,92.55,77.44,75.49,83.95,67.11,1nc0A14A15,AA,1L,a,a,a,e,e,b,b,a
1nc0,A15G16,A,M01,89.36,199.29,297.77,299.4,169.05,56.85,89.74,202.02,195.98,92.55,77.44,75.49,83.95,67.11,94.3,76.31,74.62,84.12,67.48,1nc0A15G16,AG,1a,a,a,a,e,e,a,a,a
1nc0,A18G19,A,M01,95.06,197.85,312.8,257.68,164.58,90.76,90.08,213.42,193.76,91.21,75.76,72.51,82.35,64.79,92.57,76.02,70.12,82.04,65.41,1nc0A18G19,AG,1a,a,a,a,e,e,a,a,a
1nc0,C05C06,A,M01,92.32,216.02,289.37,279.62,127.73,106.51,92.36,208.21,188.17,94.02,75.94,75.28,82.76,64.66,93.19,72.35,75.5,82.13,64.34,1nc0C05C06,CC,1L,a,a,a,e,e,b,b,a
1nc0,C06C07,A,M01,92.36,232.31,249.5,324.31,135.36,53.81,92.55,188.17,189.18,93.19,72.35,75.5,82.13,64.34,94.34,75.77,72.31,81.95,64.37,1nc0C06C07,CC,1L,a,a,a,e,e,b,b,a
1nc0,C07C08,A,M01,92.55,212.79,288.59,303.83,163.94,56.2,92.92,189.18,201.79,94.34,75.77,72.31,81.95,64.37,93.94,72.73,76.0,82.41,64.69,1nc0C07C08,CC,1a,a,a,a,e,e,a,a,a
1nc0,C08U09,A,M01,92.92,202.96,285.12,307.99,181.54,40.38,94.14,201.79,215.0,93.94,72.73,76.0,82.41,64.69,93.71,75.62,74.09,83.2,65.97,1nc0C08U09,CU,1a,a,a,a,e,e,a,a,a
1nc0,G01G02,A,M01,90.41,202.74,274.77,287.06,190.51,41.07,94.84,189.11,210.4,92.17,75.38,74.23,83.38,66.55,91.48,75.64,72.58,82.42,64.69,1nc0G01G02,GG,&a,a,a,a,e,e,b,b,a
1nc0,G02U03,A,M01,94.84,199.0,294.81,287.38,179.51,53.39,90.19,210.4,210.7,91.48,75.64,72.58,82.42,64.69,93.99,75.74,72.95,82.28,65.07,1nc0G02U03,GU,1a,a,a,a,e,e,a,a,a
1nc0,G10C11,A,M01,94.24,253.95,293.83,320.63,281.15,168.12,152.44,189.92,223.88,92.44,75.95,74.98,83.45,65.9,92.46,76.89,75.85,85.8,67.73,1nc0G10C11,GC,1[,b,b,b,l,e,b,b,b
1nc0,G16G17,A,M01,89.74,197.96,269.19,304.27,169.88,48.52,92.38,195.98,209.98,94.3,76.31,74.62,84.12,67.48,91.22,75.45,73.41,82.95,66.12,1nc0G16G17,GG,&a,a,a,a,e,e,b,b,a
1nc0,G17A18,A,M01,92.38,171.91,277.37,284.46,173.08,66.13,95.06,209.98,213.42,91.22,75.45,73.41,82.95,66.12,91.21,75.76,72.51,82.35,64.79,1nc0G17A18,GA,&a,a,a,a,e,e,b,b,a
1nc0,U03U04,A,M01,90.19,197.93,275.04,292.86,169.6,58.21,93.37,210.7,207.02,93.99,75.74,72.95,82.28,65.07,93.85,72.83,75.86,82.05,65.32,1nc0U03U04,UU,&a,a,a,a,e,e,b,b,a
1nc0,U04C05,A,M01,93.37,209.45,285.92,288.58,173.08,57.55,92.32,207.02,208.21,93.85,72.83,75.86,82.05,65.32,94.02,75.94,75.28,82.76,64.66,1nc0U04C05,UC,1a,a,a,a,e,e,a,a,a
1nc0,U09G10,A,M01,94.14,224.9,288.05,268.01,130.73,96.74,94.24,215.0,189.92,93.71,75.62,74.09,83.2,65.97,92.44,75.95,74.98,83.45,65.9,1nc0U09G10,UG,1L,a,a,a,e,e,b,b,a
1nc0,U13A14,A,M01,136.25,180.93,248.0,260.53,125.87,103.45,92.44,198.35,189.6,90.98,76.22,72.54,85.06,67.39,92.84,73.99,75.48,82.15,66.12,1nc0U13A14,UA,&a,a,a,a,e,e,b,b,a
1q75,A08G09,A,M01,151.22,262.48,81.99,117.63,123.23,144.12,113.96,230.16,44.97,90.06,78.28,79.02,85.62,67.7,92.07,75.17,77.25,84.88,68.54,1q75A08G09,AG,6j,c,g,g,o,b,b,b,b
1q75,A12G13,A,M01,90.97,219.33,276.87,267.74,173.79,72.58,93.96,174.55,190.85,93.19,75.9,72.79,82.23,65.35,92.86,75.49,72.79,82.08,65.63,1q75A12G13,AG,1a,a,a,a,e,e,a,a,a
1q75,C03U04,A,M01,89.78,199.92,295.52,281.36,169.54,74.89,90.08,199.61,207.87,94.11,75.61,72.2,82.09,64.59,93.84,75.5,72.2,82.19,64.61,1q75C03U04,CU,1a,a,a,a,e,e,a,a,a
1q75,C05U06,A,M01,87.45,197.92,300.91,298.21,164.09,77.57,88.91,223.71,195.0,94.36,75.61,72.76,82.26,65.45,94.1,75.95,73.32,83.19,64.83,1q75C05U06,CU,1a,a,a,a,e,e,a,a,a
1q75,C07A08,A,M01,127.32,269.05,268.06,343.79,170.53,59.02,151.22,195.2,230.16,91.08,75.44,76.87,84.91,66.87,90.06,78.28,79.02,85.62,67.7,1q75C07A08,CA,2[,d,d,d,t,e,b,b,b
1q75,C14C15,A,M01,91.28,201.2,286.27,303.1,189.85,39.18,89.96,193.32,217.39,94.22,74.75,71.94,82.06,64.53,93.19,77.65,69.66,83.5,65.13,1q75C14C15,CC,1a,a,a,a,e,e,a,a,a
1q75,G01G02,A,M01,96.6,237.17,265.06,295.01,164.12,55.06,98.23,171.17,189.09,91.83,74.91,74.75,83.57,67.29,93.14,75.5,72.85,82.61,65.88,1q75G01G02,GG,1L,a,a,a,e,e,b,b,a
1q75,G02C03,A,M01,98.23,200.46,294.05,293.1,183.98,53.28,89.78,189.09,199.61,93.14,75.5,72.85,82.61,65.88,94.11,75.61,72.2,82.09,64.59,1q75G02C03,GC,1a,a,a,a,e,e,a,a,a
1q75,G09U10,A,M01,113.96,252.22,237.06,172.67,228.34,273.63,151.17,44.97,221.22,92.07,75.17,77.25,84.88,68.54,91.28,75.6,75.9,84.69,67.54,1q75G09U10,GU,7r,b,i,i,i,c,b,b,b
1q75,G11A12,A,M01,95.01,245.25,263.77,275.67,150.08,77.79,90.97,174.26,174.55,93.26,75.33,73.64,82.8,66.86,93.19,75.9,72.79,82.23,65.35,1q75G11A12,GA,1L,a,a,a,e,e,b,b,a
1q75,G13C14,A,M01,93.96,216.13,279.92,284.21,160.15,77.28,91.28,190.85,193.32,92.86,75.49,72.79,82.08,65.63,94.22,74.75,71.94,82.06,64.53,1q75G13C14,GC,1a,a,a,a,e,e,a,a,a
1q75,U04C05,A,M01,90.08,189.57,307.11,274.13,198.73,37.97,87.45,207.87,223.71,93.84,75.5,72.2,82.19,64.61,94.36,75.61,72.76,82.26,65.45,1q75U04C05,UC,1a,a,a,a,e,e,a,a,a
1q75,U06C07,A,M01,88.91,242.17,201.42,283.75,134.33,324.57,127.32,195.0,195.2,94.1,75.95,73.32,83.19,64.83,91.08,75.44,76.87,84.91,66.87,1q75U06C07,UC,2o,d,j,j,v,g,b,b,b
1q75,U10G11,A,M01,151.17,209.6,127.58,27.11,191.26,210.21,95.01,221.22,174.26,91.28,75.6,75.9,84.69,67.54,93.26,75.33,73.64,82.8,66.86,1q75U10G11,UG,6n,c,g,g,o,b,b,b,b
1r7w,A03G04,A,M01,77.41,208.38,288.46,286.12,182.62,47.84,74.03,187.43,200.29,93.24,76.17,73.32,82.0,65.0,92.83,75.99,73.52,82.36,65.99,1r7wA03G04,AG,1a,a,a,a,e,e,a,a,a
1r7w,A06C07,A,M01,77.55,193.91,296.41,284.31,176.22,71.44,78.61,204.89,193.66,93.1,76.03,73.0,82.0,64.8,93.92,75.93,73.53,82.26,65.4,1r7wA06C07,AC,1a,a,a,a,e,e,a,a,a
1r7w,A08U09,A,M01,81.16,182.87,55.66,197.75,146.99,6.01,167.98,198.05,221.38,93.44,75.99,75.27,82.97,66.37,91.7,76.19,74.93,84.24,66.23,1r7wA08U09,AU,5z,b,b,b,j,c,b,b,b
1r7w,A15C16,A,M01,76.53,212.62,287.45,290.09,177.59,61.36,78.39,191.65,220.49,93.15,76.08,72.4,82.33,65.0,93.48,76.01,72.79,82.1,64.8,1r7wA15C16,AC,1a,a,a,a,e,e,a,a,a
1r7w,A22C23,A,M01,80.47,202.33,306.59,152.43,231.09,172.78,83.68,216.11,198.65,91.89,77.17,74.83,83.01,66.14,95.48,75.02,72.9,83.06,69.59,1r7wA22C23,AC,1c,a,e,e,d,d,b,b,b
1r7w,C07A08,A,M01,78.61,193.62,309.74,269.0,186.92,71.2,81.16,193.66,198.05,93.92,75.93,73.53,82.26,65.4,93.44,75.99,75.27,82.97,66.37,1r7wC07A08,CA,1a,a,a,a,e,e,a,a,a
1r7w,C10C11,A,M01,146.99,289.44,137.28,303.06,107.56,82.96,159.48,218.09,132.25,93.05,76.14,74.39,83.88,66.92,93.25,76.28,75.2,83.44,66.35,1r7wC10C11,CC,0b,d,d,d,t,e,b,b,b
1r7w,C11C12,A,M01,159.48,293.01,247.65,244.11,109.01,48.45,144.41,132.25,183.64,93.25,76.28,75.2,83.44,66.35,92.66,76.6,75.27,83.89,64.7,1r7wC11C12,CC,2a,c,c,c,q,e,b,b,b
1r7w,C12U13,A,M01,144.41,249.48,142.68,285.06,38.65,180.96,147.46,183.64,227.92,92.66,76.6,75.27,83.89,64.7,92.55,75.86,73.22,84.1,66.84,1r7wC12U13,CU,4s,d,h,h,u,f,b,b,b
1r7w,C14A15,A,M01,83.0,214.97,294.29,280.32,179.33,61.62,76.53,193.87,191.65,94.2,75.6,72.92,82.1,65.4,93.15,76.08,72.4,82.33,65.0,1r7wC14A15,CA,1a,a,a,a,e,e,a,a,a
1r7w,C16G17,A,M01,78.39,205.34,286.55,279.11,167.81,76.76,78.34,220.49,200.61,93.48,76.01,72.79,82.1,64.8,92.94,75.97,72.3,82.0,65.4,1r7wC16G17,CG,1a,a,a,a,e,e,a,a,a
1r7w,C23C24,A,M01,83.68,209.28,290.63,290.47,177.13,56.8,79.2,198.65,193.5,95.48,75.02,72.9,83.06,69.59,94.09,75.67,73.08,82.0,64.8,1r7wC23C24,CC,1a,a,a,a,e,e,a,a,a
1r7w,C24G25,A,M01,79.2,209.66,290.59,289.85,182.82,56.25,78.51,193.5,210.88,94.09,75.67,73.08,82.0,64.8,93.38,75.63,72.63,82.1,65.0,1r7wC24G25,CG,1a,a,a,a,e,e,a,a,a
1r7w,C30C31,A,M01,76.49,202.95,291.7,285.04,167.52,73.88,76.71,200.52,193.32,94.41,75.95,73.0,82.4,65.53,94.51,75.8,72.42,81.8,64.7,1r7wC30C31,CC,1a,a,a,a,e,e,a,a,a
1r7w,C31U32,A,M01,76.71,210.19,291.19,286.64,183.46,53.77,77.15,193.32,200.63,94.51,75.8,72.42,81.8,64.7,94.24,75.47,72.49,82.31,64.3,1r7wC31U32,CU,1a,a,a,a,e,e,a,a,a
1r7w,G01G02,A,M01,82.54,210.62,284.62,288.84,171.39,68.87,81.97,177.05,188.82,92.25,75.55,74.96,83.72,67.34,93.27,75.82,73.31,82.8,66.2,1r7wG01G02,GG,1a,a,a,a,e,e,a,a,a
1r7w,G02A03,A,M01,81.97,208.54,300.91,290.23,174.61,71.75,77.41,188.82,187.43,93.27,75.82,73.31,82.8,66.2,93.24,76.17,73.32,82.0,65.0,1r7wG02A03,GA,1a,a,a,a,e,e,a,a,a
1r7w,G04G05,A,M01,74.03,195.89,289.63,284.55,172.14,72.94,74.23,200.29,193.91,92.83,75.99,73.52,82.36,65.99,93.21,75.85,73.36,82.3,65.8,1r7wG04G05,GG,1a,a,a,a,e,e,a,a,a
1r7w,G05A06,A,M01,74.23,198.05,291.6,284.01,187.75,52.4,77.55,193.91,204.89,93.21,75.85,73.36,82.3,65.8,93.1,76.03,73.0,82.0,64.8,1r7wG05A06,GA,1a,a,a,a,e,e,a,a,a
1r7w,G17G18,A,M01,78.34,203.83,290.57,284.67,185.02,54.03,78.35,200.61,204.1,92.94,75.97,72.3,82.0,65.4,93.02,76.07,72.41,83.7,66.2,1r7wG17G18,GG,1a,a,a,a,e,e,a,a,a
1r7w,G18G19,A,M01,78.35,205.34,296.5,285.69,172.45,68.78,76.79,204.1,197.4,93.02,76.07,72.41,83.7,66.2,94.05,76.06,73.62,82.51,64.99,1r7wG18G19,GG,1a,a,a,a,e,e,a,a,a
1r7w,G19U20,A,M01,76.79,246.05,254.04,55.92,175.18,176.25,82.12,197.4,171.79,94.05,76.06,73.62,82.51,64.99,92.77,76.09,74.56,83.68,65.15,1r7wG19U20,GU,4n,c,g,g,o,b,b,b,b
1r7w,G21A22,A,M01,81.08,207.66,276.65,285.83,164.03,59.85,80.47,206.63,216.11,92.51,76.17,73.79,83.45,66.1,91.89,77.17,74.83,83.01,66.14,1r7wG21A22,GA,1a,a,a,a,e,e,a,a,a
1r7w,G25U26,A,M01,78.51,201.42,289.84,288.42,179.28,55.2,76.74,210.88,216.35,93.38,75.63,72.63,82.1,65.0,93.91,75.77,76.25,82.2,65.0,1r7wG25U26,GU,1a,a,a,a,e,e,a,a,a
1r7w,G27G28,A,M01,127.74,203.75,217.34,17.96,188.94,25.02,88.74,207.17,186.57,90.4,77.75,74.65,84.92,66.48,92.91,75.31,72.92,83.64,67.48,1r7wG27G28,GG,3d,a,a,a,a,a,b,a,b
1r7w,G28U29,A,M01,88.74,215.46,296.09,287.92,191.94,46.86,78.49,186.57,203.07,92.91,75.31,72.92,83.64,67.48,94.06,75.67,72.4,82.73,65.1,1r7wG28U29,GU,1a,a,a,a,e,e,a,a,a
1r7w,U09C10,A,M01,167.98,340.18,69.95,199.22,198.23,23.38,146.99,221.38,218.09,91.7,76.19,74.93,84.24,66.23,93.05,76.14,74.39,83.88,66.92,1r7wU09C10,UC,6g,c,c,c,p,c,b,b,b
1r7w,U13C14,A,M01,147.46,209.85,227.89,113.05,191.64,174.23,83.0,227.92,193.87,92.55,75.86,73.22,84.1,66.84,94.2,75.6,72.92,82.1,65.4,1r7wU13C14,UC,4n,c,g,g,o,b,b,b,b
1r7w,U20G21,A,M01,82.12,171.58,17.64,109.84,179.93,170.35,81.08,171.79,206.63,92.77,76.09,74.56,83.68,65.15,92.51,76.17,73.79,83.45,66.1,1r7wU20G21,UG,5j,a,e,e,b,b,b,b,b
1r7w,U26G27,A,M01,76.74,201.68,288.97,291.89,168.59,83.56,127.74,216.35,207.17,93.91,75.77,76.25,82.2,65.0,90.4,77.75,74.65,84.92,66.48,1r7wU26G27,UG,1b,b,b,b,l,e,b,b,b
1r7w,U29C30,A,M01,78.49,197.7,290.51,281.36,171.9,70.55,76.49,203.07,200.52,94.06,75.67,72.4,82.73,65.1,94.41,75.95,73.0,82.4,65.53,1r7wU29C30,UC,1a,a,a,a,e,e,a,a,a
1r7w,U32C33,A,M01,77.15,197.33,285.22,281.18,168.69,79.79,76.7,200.63,188.32,94.24,75.47,72.49,82.31,64.3,94.54,76.04,70.12,82.1,64.66,1r7wU32C33,UC,1a,a,a,a,e,e,a,a,a
1ysv,A04A05,A,M01,83.59,204.39,280.95,289.31,169.77,60.05,87.88,196.16,197.73,92.9,75.8,73.4,82.3,65.9,92.7,75.7,72.8,82.2,65.3,1ysvA04A05,AA,1a,a,a,a,e,e,a,a,a
1ysv,A05C06,A,M01,87.88,211.18,282.38,289.48,169.79,57.4,90.07,197.73,194.14,92.7,75.7,72.8,82.2,65.3,93.6,75.6,72.4,81.8,64.8,1ysvA05C06,AC,1a,a,a,a,e,e,a,a,a
1ysv,A07A08,A,M01,80.4,204.0,286.68,289.46,169.99,58.16,84.88,204.82,206.12,93.0,75.8,72.7,82.2,65.4,93.2,75.6,73.2,82.2,65.3,1ysvA07A08,AA,1a,a,a,a,e,e,a,a,a
1ysv,A08U09,A,M01,84.88,199.5,290.53,289.68,177.83,60.11,87.29,206.12,202.74,93.2,75.6,73.2,82.2,65.3,93.3,75.8,72.8,82.6,64.5,1ysvA08U09,AU,1a,a,a,a,e,e,a,a,a
1ysv,A10U11,A,M01,83.27,203.35,280.63,289.69,174.39,60.1,90.22,202.89,204.31,92.6,75.8,73.3,82.6,65.7,93.3,75.8,72.9,82.5,65.3,1ysvA10U11,AU,1a,a,a,a,e,e,a,a,a
1ysv,A15A16,A,M01,84.1,217.41,276.42,284.42,145.15,81.44,88.27,189.79,198.78,91.7,75.7,72.7,84.2,67.1,91.6,75.9,74.3,83.8,67.9,1ysvA15A16,AA,1L,a,a,a,e,e,b,b,a
1ysv,A16A17,A,M01,88.27,203.31,299.89,289.23,169.18,58.81,88.81,198.78,200.4,91.6,75.9,74.3,83.8,67.9,93.0,75.5,74.2,83.0,67.6,1ysvA16A17,AA,1a,a,a,a,e,e,a,a,a
1ysv,A17U18,A,M01,88.81,206.82,297.67,289.89,169.97,60.45,82.24,200.4,195.11,93.0,75.5,74.2,83.0,67.6,92.82,75.8,73.3,82.3,65.1,1ysvA17U18,AU,1a,a,a,a,e,e,a,a,a
1ysv,A25C26,A,M01,87.98,205.07,286.98,289.38,173.0,55.37,72.73,206.58,201.0,93.0,75.8,72.9,82.1,65.2,94.0,75.9,72.3,81.9,64.7,1ysvA25C26,AC,1a,a,a,a,e,e,a,a,a
1ysv,C06A07,A,M01,90.07,209.51,287.26,289.35,172.9,57.73,80.4,194.14,204.82,93.6,75.6,72.4,81.8,64.8,93.0,75.8,72.7,82.2,65.4,1ysvC06A07,CA,1a,a,a,a,e,e,a,a,a
1ysv,C13U14,A,M01,114.58,300.73,121.56,300.52,203.81,192.24,133.75,168.31,246.82,92.4,75.4,75.4,84.1,66.7,91.3,75.8,75.5,84.6,66.5,1ysvC13U14,CU,4s,d,h,h,u,f,b,b,b
1ysv,C26C27,A,M01,72.73,203.65,287.91,289.76,176.17,57.15,89.61,201.0,204.75,94.0,75.9,72.3,81.9,64.7,93.0,77.7,70.0,83.6,65.3,1ysvC26C27,CC,1a,a,a,a,e,e,a,a,a
1ysv,G01G02,A,M01,78.75,213.53,284.8,293.52,169.56,60.85,90.33,195.66,201.72,92.1,75.1,74.5,83.6,67.2,93.3,75.5,73.1,82.7,66.1,1ysvG01G02,GG,1a,a,a,a,e,e,a,a,a
1ysv,G02U03,A,M01,90.33,203.86,287.94,289.51,170.97,59.21,85.9,201.72,202.72,93.3,75.5,73.1,82.7,66.1,93.8,75.5,72.4,82.3,64.6,1ysvG02U03,GU,1a,a,a,a,e,e,a,a,a
1ysv,G12C13,A,M01,73.42,137.55,47.62,81.63,177.44,175.99,114.58,188.48,168.31,91.9,76.0,74.5,83.5,66.0,92.4,75.4,75.4,84.1,66.7,1ysvG12C13,GC,5q,b,f,f,h,b,b,b,b
1ysv,G19U20,A,M01,84.31,209.4,290.77,289.45,178.26,54.27,80.48,195.69,197.26,93.7,75.3,73.6,82.5,67.2,94.1,75.5,72.1,82.3,64.1,1ysvG19U20,GU,1a,a,a,a,e,e,a,a,a
1ysv,G22U23,A,M01,89.97,205.73,290.61,289.75,172.48,60.29,83.97,196.6,201.0,93.1,75.3,73.4,82.5,66.2,94.0,75.3,72.2,82.3,64.5,1ysvG22U23,GU,1a,a,a,a,e,e,a,a,a
1ysv,U03A04,A,M01,85.9,212.13,290.08,289.56,171.56,54.99,83.59,202.72,196.16,93.8,75.5,72.4,82.3,64.6,92.9,75.8,73.4,82.3,65.9,1ysvU03A04,UA,1a,a,a,a,e,e,a,a,a
1ysv,U09A10,A,M01,87.29,206.5,293.66,289.59,170.09,60.1,83.27,202.74,202.89,93.3,75.8,72.8,82.6,64.5,92.6,75.8,73.3,82.6,65.7,1ysvU09A10,UA,1a,a,a,a,e,e,a,a,a
1ysv,U11G12,A,M01,90.22,200.02,300.08,275.01,165.27,69.86,73.42,204.31,188.48,93.3,75.8,72.9,82.5,65.3,91.9,76.0,74.5,83.5,66.0,1ysvU11G12,UG,1a,a,a,a,e,e,a,a,a
1ysv,U14A15,A,M01,133.75,282.67,253.48,66.38,270.3,210.72,84.1,246.82,189.79,91.3,75.8,75.5,84.6,66.5,91.7,75.7,72.7,84.2,67.1,1ysvU14A15,UA,4n,c,g,g,o,b,b,b,b
1ysv,U18G19,A,M01,82.24,203.59,283.03,289.6,169.99,59.98,84.31,195.11,195.69,92.82,75.8,73.3,82.3,65.1,93.7,75.3,73.6,82.5,67.2,1ysvU18G19,UG,1a,a,a,a,e,e,a,a,a
1ysv,U20U21,A,M01,80.48,205.99,294.51,289.61,171.27,60.34,84.1,197.26,196.06,94.1,75.5,72.1,82.3,64.1,93.6,75.5,73.0,82.3,65.0,1ysvU20U21,UU,1a,a,a,a,e,e,a,a,a
1ysv,U21G22,A,M01,84.1,208.01,280.9,289.52,169.86,60.2,89.97,196.06,196.6,93.6,75.5,73.0,82.3,65.0,93.1,75.3,73.4,82.5,66.2,1ysvU21G22,UG,1a,a,a,a,e,e,a,a,a
1ysv,U23U24,A,M01,83.97,208.34,292.17,289.54,169.76,60.26,82.67,201.0,194.59,94.0,75.3,72.2,82.3,64.5,93.6,75.5,72.6,82.2,64.8,1ysvU23U24,UU,1a,a,a,a,e,e,a,a,a
1ysv,U24A25,A,M01,82.67,210.39,280.7,289.42,170.96,58.9,87.98,194.59,206.58,93.6,75.5,72.6,82.2,64.8,93.0,75.8,72.9,82.1,65.2,1ysvU24A25,UA,1a,a,a,a,e,e,a,a,a
1zc5,A05U06,A,M01,77.11,184.68,292.52,168.64,194.34,172.12,150.75,209.82,227.79,92.89,75.49,72.49,84.59,64.49,92.59,75.69,74.39,83.39,65.69,1zc5A05U06,AU,1t,b,f,f,k,d,b,b,b
1zc5,A18C19,A,M01,80.07,205.05,321.91,276.73,170.15,84.59,146.95,192.91,216.16,92.69,72.39,72.59,81.99,64.89,90.19,76.09,77.09,84.19,66.99,1zc5A18C19,AC,1b,b,b,b,l,e,b,b,b
1zc5,A20A21,A,M01,134.89,251.24,289.81,272.07,148.46,61.8,79.52,186.56,221.57,89.79,76.19,76.99,84.69,67.69,89.99,76.29,71.99,84.49,67.19,1zc5A20A21,AA,2a,c,c,c,q,e,b,b,b
1zc5,A21G22,A,M01,79.52,200.93,306.81,287.0,173.25,76.15,76.2,221.57,190.51,89.99,76.29,71.99,84.49,67.19,93.99,75.29,72.09,83.39,64.19,1zc5A21G22,AG,1a,a,a,a,e,e,a,a,a
1zc5,A25A26,A,M01,77.38,198.98,297.17,278.75,175.41,64.11,76.85,198.11,198.58,92.69,75.29,72.89,82.29,65.79,92.39,75.49,72.59,81.89,64.69,1zc5A25A26,AA,1a,a,a,a,e,e,a,a,a
1zc5,A26G27,A,M01,76.85,196.31,295.88,281.71,175.83,61.59,75.82,198.58,197.98,92.39,75.49,72.59,81.89,64.69,92.09,75.39,71.99,81.99,64.09,1zc5A26G27,AG,1a,a,a,a,e,e,a,a,a
1zc5,A31G32,A,M01,76.79,197.15,296.34,281.04,177.39,59.28,75.34,200.82,210.08,92.79,75.49,72.39,83.99,64.89,92.49,75.09,72.79,81.99,65.59,1zc5A31G32,AG,1a,a,a,a,e,e,a,a,a
1zc5,A35A36,A,M01,80.88,191.64,299.16,279.79,169.91,68.08,80.55,209.91,209.75,90.39,75.19,75.39,82.59,67.19,90.19,75.69,75.99,81.79,66.69,1zc5A35A36,AA,1a,a,a,a,e,e,a,a,a
1zc5,A36U37,A,M01,80.55,190.53,295.6,282.41,170.3,68.01,79.88,209.75,210.07,90.19,75.69,75.99,81.79,66.69,93.09,75.19,73.69,83.19,66.39,1zc5A36U37,AU,1a,a,a,a,e,e,a,a,a
1zc5,C03G04,A,M01,76.21,195.39,294.67,280.72,178.18,61.46,77.98,205.86,199.47,93.39,75.79,72.39,81.79,64.59,93.09,73.89,74.89,82.69,67.49,1zc5C03G04,CG,1a,a,a,a,e,e,a,a,a
1zc5,C07U08,A,M01,78.85,193.08,299.38,278.66,172.99,64.19,76.97,205.81,207.14,94.39,73.19,73.19,82.49,66.19,93.49,75.09,72.19,82.19,64.69,1zc5C07U08,CU,1a,a,a,a,e,e,a,a,a
1zc5,C11C12,A,M01,75.86,194.87,295.54,282.89,172.42,65.35,77.77,199.32,201.92,94.09,75.09,72.19,81.99,64.29,93.99,75.19,72.29,81.99,64.29,1zc5C11C12,CC,1a,a,a,a,e,e,a,a,a
1zc5,C12U13,A,M01,77.77,196.77,296.73,281.03,175.9,63.05,76.92,201.92,201.87,93.99,75.19,72.29,81.99,64.29,93.99,75.39,71.99,83.39,64.09,1zc5C12U13,CU,1a,a,a,a,e,e,a,a,a
1zc5,C15C16,A,M01,75.46,198.14,298.18,280.99,175.67,61.72,76.08,203.79,201.42,93.89,75.29,72.29,81.79,64.49,93.89,75.29,71.99,81.89,64.09,1zc5C15C16,CC,1a,a,a,a,e,e,a,a,a
1zc5,C16U17,A,M01,76.08,199.69,298.19,281.53,175.19,60.61,75.16,201.42,200.84,93.89,75.29,71.99,81.89,64.09,92.39,72.19,75.29,81.99,65.59,1zc5C16U17,CU,1a,a,a,a,e,e,a,a,a
1zc5,C19A20,A,M01,146.95,179.29,133.16,46.47,185.38,170.62,134.89,216.16,186.56,90.19,76.09,77.09,84.19,66.99,89.79,76.19,76.99,84.69,67.69,1zc5C19A20,CA,4n,c,g,g,o,b,b,b,b
1zc5,C29C30,A,M01,76.47,197.45,295.44,282.72,175.72,62.3,76.71,200.04,202.39,93.99,75.19,71.69,81.99,63.99,93.99,75.09,72.09,81.79,64.59,1zc5C29C30,CC,1a,a,a,a,e,e,a,a,a
1zc5,C30A31,A,M01,76.71,198.77,297.93,279.05,178.8,62.58,76.79,202.39,200.82,93.99,75.09,72.09,81.79,64.59,92.79,75.49,72.39,83.99,64.89,1zc5C30A31,CA,1a,a,a,a,e,e,a,a,a
1zc5,C40C41,A,M01,78.02,199.07,295.39,286.3,178.62,71.37,140.72,203.55,222.11,94.19,75.29,71.69,81.99,64.19,92.79,77.29,69.49,81.69,64.99,1zc5C40C41,CC,1b,b,b,b,l,e,b,b,b
1zc5,G01G02,A,M01,75.46,196.03,296.27,281.9,173.92,64.35,78.05,194.99,201.74,90.99,74.69,74.79,83.49,67.29,92.79,75.19,72.79,82.39,65.99,1zc5G01G02,GG,1a,a,a,a,e,e,a,a,a
1zc5,G02C03,A,M01,78.05,197.59,298.44,280.24,175.21,61.2,76.21,201.74,205.86,92.79,75.19,72.79,82.39,65.99,93.39,75.79,72.39,81.79,64.59,1zc5G02C03,GC,1a,a,a,a,e,e,a,a,a
1zc5,G04A05,A,M01,77.98,199.35,299.63,275.35,179.48,60.55,77.11,199.47,209.82,93.09,73.89,74.89,82.69,67.49,92.89,75.49,72.49,84.59,64.49,1zc5G04A05,GA,1a,a,a,a,e,e,a,a,a
1zc5,G09G10,A,M01,77.4,196.33,297.71,281.09,173.78,63.94,78.88,199.55,194.9,92.09,75.39,72.79,82.49,65.49,93.09,75.09,72.39,81.99,65.09,1zc5G09G10,GG,1a,a,a,a,e,e,a,a,a
1zc5,G10C11,A,M01,78.88,198.43,298.24,278.73,177.1,64.44,75.86,194.9,199.32,93.09,75.09,72.39,81.99,65.09,94.09,75.09,72.19,81.99,64.29,1zc5G10C11,GC,1a,a,a,a,e,e,a,a,a
1zc5,G22G23,A,M01,76.2,192.44,294.81,284.54,175.37,68.08,78.05,190.51,193.57,93.99,75.29,72.09,83.39,64.19,92.79,73.29,75.49,82.99,64.69,1zc5G22G23,GG,1a,a,a,a,e,e,a,a,a
1zc5,G23G24,A,M01,78.05,199.6,295.0,277.87,179.01,62.18,77.14,193.57,196.25,92.79,73.29,75.49,82.99,64.69,90.99,75.49,75.29,84.09,65.99,1zc5G23G24,GG,1a,a,a,a,e,e,a,a,a
1zc5,G24A25,A,M01,77.14,196.07,295.17,283.13,177.19,62.99,77.38,196.25,198.11,90.99,75.49,75.29,84.09,65.99,92.69,75.29,72.89,82.29,65.79,1zc5G24A25,GA,1a,a,a,a,e,e,a,a,a
1zc5,G27G28,A,M01,75.82,196.0,295.2,282.53,175.73,63.3,78.07,197.98,195.09,92.09,75.39,71.99,81.99,64.09,92.79,75.09,72.59,81.99,64.89,1zc5G27G28,GG,1a,a,a,a,e,e,a,a,a
1zc5,G28C29,A,M01,78.07,197.57,297.66,279.47,174.78,66.64,76.47,195.09,200.04,92.79,75.09,72.59,81.99,64.89,93.99,75.19,71.69,81.99,63.99,1zc5G28C29,GC,1a,a,a,a,e,e,a,a,a
1zc5,G32G33,A,M01,75.34,193.86,287.56,282.22,172.13,60.94,75.81,210.08,210.02,92.49,75.09,72.79,81.99,65.59,92.19,75.49,73.59,82.89,65.19,1zc5G32G33,GG,1a,a,a,a,e,e,a,a,a
1zc5,G33G34,A,M01,75.81,185.96,280.11,281.81,170.74,69.13,72.67,210.02,208.15,92.19,75.49,73.59,82.89,65.19,89.49,74.39,77.09,84.59,66.79,1zc5G33G34,GG,&a,a,a,a,e,e,b,b,a
1zc5,G34A35,A,M01,72.67,188.98,298.48,278.26,167.29,72.43,80.88,208.15,209.91,89.49,74.39,77.09,84.59,66.79,90.39,75.19,75.39,82.59,67.19,1zc5G34A35,GA,1a,a,a,a,e,e,a,a,a
1zc5,G39C40,A,M01,78.89,195.48,299.88,280.14,171.63,65.49,78.02,205.33,203.55,92.69,75.39,72.89,82.19,65.69,94.19,75.29,71.69,81.99,64.19,1zc5G39C40,GC,1a,a,a,a,e,e,a,a,a
1zc5,U06C07,A,M01,150.75,218.5,297.8,267.72,175.03,59.95,78.85,227.79,205.81,92.59,75.69,74.39,83.39,65.69,94.39,73.19,73.19,82.49,66.19,1zc5U06C07,UC,2a,c,c,c,q,e,b,b,b
1zc5,U08G09,A,M01,76.97,198.76,299.74,278.52,175.51,59.56,77.4,207.14,199.55,93.49,75.09,72.19,82.19,64.69,92.09,75.39,72.79,82.49,65.49,1zc5U08G09,UG,1a,a,a,a,e,e,a,a,a
1zc5,U13U14,A,M01,76.92,193.8,296.16,280.43,174.05,63.28,76.5,201.87,207.93,93.99,75.39,71.99,83.39,64.09,93.49,75.19,72.29,81.99,64.19,1zc5U13U14,UU,1a,a,a,a,e,e,a,a,a
1zc5,U14C15,A,M01,76.5,197.49,296.73,280.06,176.02,60.82,75.46,207.93,203.79,93.49,75.19,72.29,81.99,64.19,93.89,75.29,72.29,81.79,64.49,1zc5U14C15,UC,1a,a,a,a,e,e,a,a,a
1zc5,U17A18,A,M01,75.16,203.35,295.44,277.16,176.1,60.86,80.07,200.84,192.91,92.39,72.19,75.29,81.99,65.59,92.69,72.39,72.59,81.99,64.89,1zc5U17A18,UA,1a,a,a,a,e,e,a,a,a
1zc5,U37U38,A,M01,79.88,198.74,302.05,277.95,174.51,60.28,77.39,210.07,210.16,93.09,75.19,73.69,83.19,66.39,91.79,75.69,74.19,83.59,65.59,1zc5U37U38,UU,1a,a,a,a,e,e,a,a,a
1zc5,U38G39,A,M01,77.39,196.44,290.2,273.91,175.03,63.6,78.89,210.16,205.33,91.79,75.69,74.19,83.59,65.59,92.69,75.39,72.89,82.19,65.69,1zc5U38G39,UG,1a,a,a,a,e,e,a,a,a
2jpp,A08C09,C,M01,79.04,205.15,229.68,71.98,168.1,47.2,87.12,203.81,221.73,92.3,77.28,73.92,83.27,64.71,92.17,77.15,79.84,89.68,65.55,2jppA08C09,AC,7d,a,a,a,a,a,b,b,b
2jpp,A12U13,C,M01,87.95,229.45,294.0,294.97,171.91,183.75,162.31,261.46,214.57,90.77,78.38,76.5,86.3,68.93,91.21,76.18,76.05,81.12,67.66,2jppA12U13,AU,2h,c,g,g,r,f,b,b,b
2jpp,A15A16,C,M01,82.54,199.56,290.45,288.46,178.84,59.55,79.38,186.9,194.11,93.36,75.56,73.07,82.19,65.29,92.67,75.58,72.85,82.16,65.1,2jppA15A16,AA,1a,a,a,a,e,e,a,a,a
2jpp,A16G17,C,M01,79.38,194.72,293.11,289.87,179.21,59.01,80.19,194.11,196.68,92.67,75.58,72.85,82.16,65.1,92.81,75.35,72.18,81.97,64.5,2jppA16G17,AG,1a,a,a,a,e,e,a,a,a
2jpp,C04U05,C,M01,78.31,195.03,295.65,289.47,173.55,62.15,78.72,200.39,198.13,92.13,75.64,73.08,82.16,64.81,93.97,75.45,73.06,82.16,65.66,2jppC04U05,CU,1a,a,a,a,e,e,a,a,a
2jpp,C07A08,C,M01,81.61,205.12,301.82,283.98,185.33,51.2,79.04,196.58,203.81,94.76,75.42,73.49,81.64,64.47,92.3,77.28,73.92,83.27,64.71,2jppC07A08,CA,1a,a,a,a,e,e,a,a,a
2jpp,C09G10,C,M01,87.12,294.35,84.81,165.33,194.75,54.04,142.92,221.73,148.6,92.17,77.15,79.84,89.68,65.55,93.24,77.7,79.11,87.51,67.37,2jppC09G10,CG,6g,c,c,c,p,c,b,b,b
2jpp,C18C19,C,M01,78.2,201.41,296.06,286.72,182.17,55.24,76.44,202.46,212.08,94.07,75.61,72.3,81.97,64.8,94.07,75.52,69.83,83.59,65.29,2jppC18C19,CC,1a,a,a,a,e,e,a,a,a
2jpp,G01G02,C,M01,81.07,199.88,293.81,286.83,182.42,56.96,78.36,196.91,197.5,91.02,75.39,72.82,82.31,65.58,92.79,75.52,72.92,82.13,65.9,2jppG01G02,GG,1a,a,a,a,e,e,a,a,a
2jpp,G02G03,C,M01,78.36,197.34,292.93,287.63,184.41,54.94,78.58,197.5,200.16,92.79,75.52,72.92,82.13,65.9,92.95,75.54,72.35,81.98,65.35,2jppG02G03,GG,1a,a,a,a,e,e,a,a,a
2jpp,G03C04,C,M01,78.58,201.33,293.61,288.19,178.84,58.94,78.31,200.16,200.39,92.95,75.54,72.35,81.98,65.35,92.13,75.64,73.08,82.16,64.81,2jppG03C04,GC,1a,a,a,a,e,e,a,a,a
2jpp,G10G11,C,M01,142.92,200.65,257.76,294.1,211.81,39.25,153.73,148.6,231.51,93.24,77.7,79.11,87.51,67.37,88.4,79.09,74.7,82.22,68.13,2jppG10G11,GG,2[,d,d,d,t,e,b,b,b
2jpp,G11A12,C,M01,153.73,224.58,74.78,57.07,187.16,181.12,87.95,231.51,261.46,88.4,79.09,74.7,82.22,68.13,90.77,78.38,76.5,86.3,68.93,2jppG11A12,GA,6n,c,g,g,o,b,b,b,b
2jpp,G14A15,C,M01,85.01,205.87,291.62,292.71,174.87,60.6,82.54,187.59,186.9,93.29,75.52,73.01,82.19,64.88,93.36,75.56,73.07,82.19,65.29,2jppG14A15,GA,1a,a,a,a,e,e,a,a,a
2jpp,G17C18,C,M01,80.19,200.42,294.18,286.78,182.85,55.38,78.2,196.68,202.46,92.81,75.35,72.18,81.97,64.5,94.07,75.61,72.3,81.97,64.8,2jppG17C18,GC,1a,a,a,a,e,e,a,a,a
2jpp,U05U06,C,M01,78.72,195.45,293.6,287.82,175.48,60.69,77.23,198.13,197.82,93.97,75.45,73.06,82.16,65.66,93.79,75.47,72.64,81.9,65.64,2jppU05U06,UU,1a,a,a,a,e,e,a,a,a
2jpp,U06C07,C,M01,77.23,195.57,294.26,289.46,179.19,59.78,81.61,197.82,196.58,93.79,75.47,72.64,81.9,65.64,94.76,75.42,73.49,81.64,64.47,2jppU06C07,UC,1a,a,a,a,e,e,a,a,a
2jpp,U13G14,C,M01,162.31,216.96,73.09,59.94,159.3,304.47,85.01,214.57,187.59,91.21,76.18,76.05,81.12,67.66,93.29,75.52,73.01,82.19,64.88,2jppU13G14,UG,6j,c,g,g,o,b,b,b,b
2koc,A04C05,A,M01,87.58,198.35,303.82,255.43,160.24,92.81,84.53,209.86,190.6,93.0,75.8,72.9,81.9,65.2,93.8,75.6,72.1,81.9,65.0,2kocA04C05,AC,1a,a,a,a,e,e,a,a,a
2koc,C03A04,A,M01,84.69,181.38,280.46,238.34,209.53,91.78,87.58,204.78,209.86,93.8,75.3,72.1,81.8,64.2,93.0,75.8,72.9,81.9,65.2,2kocC03A04,CA,1m,a,a,a,e,e,b,b,a
2koc,C05U06,A,M01,84.53,234.44,279.58,290.35,160.68,64.34,83.78,190.6,198.17,93.8,75.6,72.1,81.9,65.0,94.5,76.0,73.1,82.4,64.6,2kocC05U06,CU,1a,a,a,a,e,e,a,a,a
2koc,C08G09,A,M01,144.67,257.49,91.01,64.19,203.46,160.77,81.71,217.54,63.25,89.1,77.7,80.3,84.5,67.3,94.5,77.4,75.9,83.2,69.0,2kocC08G09,CG,6n,c,g,g,o,b,b,b,b
2koc,C13C14,A,M01,87.23,194.76,272.22,215.0,211.41,104.75,90.19,199.95,213.91,94.1,75.7,72.1,81.9,64.5,93.0,77.8,69.7,83.4,65.1,2kocC13C14,CC,1g,a,a,a,c,c,b,b,b
2koc,G01G02,A,M01,83.89,208.06,283.52,296.5,159.47,68.08,84.98,196.22,196.0,90.9,75.0,74.2,83.7,67.7,93.0,75.5,73.4,82.7,66.5,2kocG01G02,GG,1a,a,a,a,e,e,a,a,a
2koc,G02C03,A,M01,84.98,209.69,287.91,258.67,179.29,83.69,84.69,196.0,204.78,93.0,75.5,73.4,82.7,66.5,93.8,75.3,72.1,81.8,64.2,2kocG02C03,GC,1a,a,a,a,e,e,a,a,a
2koc,G09G10,A,M01,81.71,211.36,315.17,271.64,171.97,99.86,86.76,63.25,204.24,94.5,77.4,75.9,83.2,69.0,93.3,75.1,74.6,83.1,69.8,2kocG09G10,GG,1a,a,a,a,e,e,a,a,a
2koc,G10U11,A,M01,86.76,203.72,290.66,289.86,178.3,60.54,85.99,204.24,204.91,93.3,75.1,74.6,83.1,69.8,93.8,75.4,72.2,81.9,64.0,2kocG10U11,GU,1a,a,a,a,e,e,a,a,a
2koc,G12C13,A,M01,86.72,202.42,293.9,272.37,169.28,83.12,87.23,204.65,199.95,92.9,75.5,72.9,81.9,65.5,94.1,75.7,72.1,81.9,64.5,2kocG12C13,GC,1a,a,a,a,e,e,a,a,a
2koc,U06U07,A,M01,83.78,202.15,258.22,189.96,154.29,62.06,133.73,198.17,228.66,94.5,76.0,73.1,82.4,64.6,89.3,74.7,77.7,87.0,67.8,2kocU06U07,UU,1z,b,b,b,j,c,b,b,b
2koc,U07C08,A,M01,133.73,259.02,299.45,256.55,199.17,83.28,144.67,228.66,217.54,89.3,74.7,77.7,87.0,67.8,89.1,77.7,80.3,84.5,67.3,2kocU07C08,UC,2[,d,d,d,t,e,b,b,b
2koc,U11G12,A,M01,85.99,191.68,294.48,254.25,184.0,88.02,86.72,204.91,204.65,93.8,75.4,72.2,81.9,64.0,92.9,75.5,72.9,81.9,65.5,2kocU11G12,UG,1a,a,a,a,e,e,a,a,a
2kzl,A07A08,A,M01,117.34,265.0,335.8,260.18,76.28,154.43,138.66,172.67,182.05,90.8,75.25,75.14,83.72,66.15,89.78,75.4,72.5,84.47,67.13,2kzlA07A08,AA,1e,a,e,e,f,f,b,b,b
2kzl,G01G02,A,M01,91.08,228.27,288.46,246.21,154.8,91.82,90.75,265.72,205.24,92.67,75.42,72.83,82.09,65.68,92.67,75.42,72.82,82.09,65.68,2kzlG01G02,GG,1a,a,a,a,e,e,a,a,a
2lu0,A03A04,A,M01,89.61,212.97,289.39,298.9,169.8,55.13,82.14,210.18,199.23,92.9,75.55,72.93,82.75,65.3,92.89,75.32,72.8,84.75,65.54,2lu0A03A04,AA,1a,a,a,a,e,e,a,a,a
2lu0,A04U05,A,M01,82.14,209.8,289.78,275.74,184.74,56.92,85.84,199.23,211.49,92.89,75.32,72.8,84.75,65.54,92.89,75.68,73.33,82.03,65.21,2lu0A04U05,AU,1a,a,a,a,e,e,a,a,a
2lu0,A06U07,A,M01,151.59,214.48,280.52,207.16,131.75,135.78,90.6,224.12,164.91,90.11,75.33,72.36,81.84,68.7,92.54,75.36,73.2,83.9,65.44,2lu0A06U07,AU,1f,a,e,e,d,d,b,b,b
2lu0,C09U10,A,M01,89.9,209.16,307.0,276.53,173.77,67.79,83.84,207.72,201.4,94.23,75.4,72.62,82.93,64.07,94.02,75.73,74.56,83.04,67.75,2lu0C09U10,CU,1a,a,a,a,e,e,a,a,a
2lu0,C11A12,A,M01,89.97,199.12,187.52,41.52,267.16,253.65,89.4,187.0,217.58,92.59,75.35,74.66,83.16,67.35,91.46,75.97,74.9,82.01,69.01,2lu0C11A12,CA,4n,c,g,g,o,b,b,b,b
2lu0,C14G15,A,M01,85.38,146.99,23.9,144.61,144.51,150.95,88.7,219.81,198.04,93.73,75.81,72.87,81.64,69.79,92.39,76.51,73.03,82.17,66.86,2lu0C14G15,CG,5q,b,f,f,h,b,b,b,b
2lu0,G01G02,A,M01,90.78,207.56,279.08,285.15,164.29,73.81,90.5,206.26,199.22,91.72,75.17,74.19,83.48,65.48,92.78,75.4,72.89,82.2,65.64,2lu0G01G02,GG,1a,a,a,a,e,e,a,a,a
2lu0,G02A03,A,M01,90.5,192.97,294.24,278.12,196.21,59.14,89.61,199.22,210.18,92.78,75.4,72.89,82.2,65.64,92.9,75.55,72.93,82.75,65.3,2lu0G02A03,GA,1a,a,a,a,e,e,a,a,a
2lu0,G08C09,A,M01,88.45,193.18,288.11,295.5,186.41,57.39,89.9,196.25,207.72,92.13,75.4,73.27,83.73,64.67,94.23,75.4,72.62,82.93,64.07,2lu0G08C09,GC,1a,a,a,a,e,e,a,a,a
2lu0,G15A16,A,M01,88.7,241.84,269.54,109.01,166.56,100.11,148.34,198.04,217.74,92.39,76.51,73.03,82.17,66.86,91.22,75.78,72.59,86.96,67.31,2lu0G15A16,GA,7p,b,b,b,g,a,b,b,b
2lu0,U05A06,A,M01,85.84,183.31,292.02,241.48,175.99,135.47,151.59,211.49,224.12,92.89,75.68,73.33,82.03,65.21,90.11,75.33,72.36,81.84,68.7,2lu0U05A06,UA,1t,b,f,f,k,d,b,b,b
2lu0,U07G08,A,M01,90.6,230.13,276.58,271.18,166.37,71.97,88.45,164.91,196.25,92.54,75.36,73.2,83.9,65.44,92.13,75.4,73.27,83.73,64.67,2lu0U07G08,UG,1a,a,a,a,e,e,a,a,a
2lu0,U10C11,A,M01,83.84,186.86,348.79,178.54,107.16,160.04,89.97,201.4,187.0,94.02,75.73,74.56,83.04,67.75,92.59,75.35,74.66,83.16,67.35,2lu0U10C11,UC,1f,a,e,e,d,d,b,b,b
2m22,A04G05,A,M01,88.26,222.23,281.99,290.63,154.73,68.76,89.09,197.93,203.31,93.14,75.64,75.28,82.16,65.99,92.81,75.15,73.46,82.33,65.35,2m22A04G05,AG,1a,a,a,a,e,e,a,a,a
2m22,A06U07,A,M01,96.13,201.94,282.1,283.44,162.74,77.5,86.27,204.7,198.95,91.95,76.19,73.22,83.61,65.51,94.43,75.56,72.23,81.97,66.43,2m22A06U07,AU,1a,a,a,a,e,e,a,a,a
2m22,A12A13,A,M01,130.56,212.01,344.69,266.16,119.47,128.06,93.6,169.28,58.87,90.76,76.79,75.6,84.37,67.23,91.28,75.54,74.2,84.34,67.01,2m22A12A13,AA,1e,a,e,e,f,f,b,b,b
2m22,A13U14,A,M01,93.6,237.24,254.92,22.37,214.28,206.88,134.0,58.87,231.46,91.28,75.54,74.2,84.34,67.01,91.21,75.65,72.62,83.02,67.38,2m22A13U14,AU,4n,c,g,g,o,b,b,b,b
2m22,A15G16,A,M01,98.44,223.09,283.39,270.81,155.09,77.55,96.19,209.0,194.53,93.01,75.16,72.73,82.0,65.91,92.74,75.24,73.74,82.29,65.01,2m22A15G16,AG,1a,a,a,a,e,e,a,a,a
2m22,A17A18,A,M01,93.9,229.66,269.77,268.11,162.2,75.13,96.87,196.82,192.86,93.2,75.67,73.13,82.39,65.71,91.7,76.16,72.92,82.48,66.56,2m22A17A18,AA,1a,a,a,a,e,e,a,a,a
2m22,A18C19,A,M01,96.87,208.89,282.62,290.8,160.19,71.39,90.07,192.86,201.97,91.7,76.16,72.92,82.48,66.56,94.92,75.33,72.7,82.16,66.45,2m22A18C19,AC,1a,a,a,a,e,e,a,a,a
2m22,C03A04,A,M01,88.16,232.69,274.17,267.5,149.87,76.44,88.26,205.33,197.93,93.75,75.44,73.13,81.96,64.68,93.14,75.64,75.28,82.16,65.99,2m22C03A04,CA,1L,a,a,a,e,e,b,b,a
2m22,C08U09,A,M01,89.83,210.39,281.03,307.22,170.52,30.16,89.32,210.23,229.3,94.09,75.47,72.32,82.66,65.0,93.61,75.56,75.7,83.64,66.42,2m22C08U09,CU,1a,a,a,a,e,e,a,a,a
2m22,C19U20,A,M01,90.07,205.39,274.17,288.76,176.83,47.36,90.69,201.97,214.21,94.92,75.33,72.7,82.16,66.45,93.47,75.23,71.98,81.97,65.48,2m22C19U20,CU,&a,a,a,a,e,e,b,b,a
2m22,G01G02,A,M01,101.36,238.48,263.6,297.51,163.69,44.76,99.04,181.28,197.28,90.59,74.83,75.03,83.69,67.45,92.93,75.29,72.24,82.38,67.22,2m22G01G02,GG,1L,a,a,a,e,e,b,b,a
2m22,G02C03,A,M01,99.04,222.01,284.18,278.4,162.79,71.23,88.16,197.28,205.33,92.93,75.29,72.24,82.38,67.22,93.75,75.44,73.13,81.96,64.68,2m22G02C03,GC,1a,a,a,a,e,e,a,a,a
2m22,G05A06,A,M01,89.09,224.16,265.57,280.04,154.34,69.5,96.13,203.31,204.7,92.81,75.15,73.46,82.33,65.35,91.95,76.19,73.22,83.61,65.51,2m22G05A06,GA,1L,a,a,a,e,e,b,b,a
2m22,G10U11,A,M01,85.41,208.19,301.93,177.23,174.05,146.01,88.58,202.31,212.86,90.86,75.56,76.15,84.08,66.62,91.33,75.23,75.4,84.27,66.51,2m22G10U11,GU,1f,a,e,e,d,d,b,b,b
2m22,G16A17,A,M01,96.19,231.85,275.0,268.18,158.9,72.51,93.9,194.53,196.82,92.74,75.24,73.74,82.29,65.01,93.2,75.67,73.13,82.39,65.71,2m22G16A17,GA,1a,a,a,a,e,e,a,a,a
2m22,U07C08,A,M01,86.27,225.13,281.22,273.04,160.3,67.44,89.83,198.95,210.23,94.43,75.56,72.23,81.97,66.43,94.09,75.47,72.32,82.66,65.0,2m22U07C08,UC,1a,a,a,a,e,e,a,a,a
2m22,U09G10,A,M01,89.32,239.58,270.84,78.87,206.71,215.26,85.41,229.3,202.31,93.61,75.56,75.7,83.64,66.42,90.86,75.56,76.15,84.08,66.62,2m22U09G10,UG,4n,c,g,g,o,b,b,b,b
2m22,U11A12,A,M01,88.58,186.91,242.94,120.38,194.28,166.81,130.56,212.86,169.28,91.33,75.23,75.4,84.27,66.51,90.76,76.79,75.6,84.37,67.23,2m22U11A12,UA,1c,a,e,e,d,d,b,b,b
2m22,U14A15,A,M01,134.0,184.84,261.24,281.65,180.2,78.16,98.44,231.46,209.0,91.21,75.65,72.62,83.02,67.38,93.01,75.16,72.73,82.0,65.91,2m22U14A15,UA,&a,a,a,a,e,e,b,b,a
2m22,U20G21,A,M01,90.69,220.94,283.97,278.58,150.02,77.61,91.13,214.21,199.84,93.47,75.23,71.98,81.97,65.48,92.78,75.25,69.61,82.17,64.56,2m22U20G21,UG,1a,a,a,a,e,e,a,a,a
2m4w,A03A04,A,M01,86.86,198.15,282.78,299.63,164.5,65.91,87.02,207.95,192.14,93.68,75.8,73.39,82.58,66.0,93.12,75.71,72.76,82.35,64.38,2m4wA03A04,AA,1a,a,a,a,e,e,a,a,a
2m4w,A04U05,A,M01,87.02,202.65,291.31,293.31,187.35,57.59,87.82,192.14,195.19,93.12,75.71,72.76,82.35,64.38,93.35,75.75,72.08,81.94,64.84,2m4wA04U05,AU,1a,a,a,a,e,e,a,a,a
2m4w,A08A09,A,M01,90.84,187.79,277.27,148.54,232.03,169.23,98.0,213.56,197.95,93.04,75.78,72.18,83.58,64.62,92.78,75.78,74.29,82.64,66.45,2m4wA08A09,AA,1c,a,e,e,d,d,b,b,b
2m4w,A09A10,A,M01,98.0,225.15,307.81,282.84,164.98,54.77,88.28,197.95,226.84,92.78,75.78,74.29,82.64,66.45,92.31,76.83,74.65,83.14,67.75,2m4wA09A10,AA,1a,a,a,a,e,e,a,a,a
2m4w,A10G11,A,M01,88.28,225.9,263.05,304.77,127.48,75.96,86.34,226.84,225.68,92.31,76.83,74.65,83.14,67.75,93.22,74.79,72.71,82.66,65.92,2m4wA10G11,AG,1L,a,a,a,e,e,b,b,a
2m4w,C06G07,A,M01,93.76,218.99,296.62,138.08,189.38,174.93,94.51,199.44,184.43,93.79,76.11,72.11,82.3,64.96,93.68,76.17,73.14,83.68,69.99,2m4wC06G07,CG,1c,a,e,e,d,d,b,b,b
2m4w,G01G02,A,M01,88.21,206.12,288.53,292.96,164.01,66.51,85.62,189.25,194.74,93.02,75.69,74.19,84.77,62.69,93.03,75.81,73.08,82.47,65.42,2m4wG01G02,GG,1a,a,a,a,e,e,a,a,a
2m4w,G02A03,A,M01,85.62,201.07,293.41,282.66,185.12,59.71,86.86,194.74,207.95,93.03,75.81,73.08,82.47,65.42,93.68,75.8,73.39,82.58,66.0,2m4wG02A03,GA,1a,a,a,a,e,e,a,a,a
2m4w,G07A08,A,M01,94.51,203.48,276.22,166.95,160.25,58.06,90.84,184.43,213.56,93.68,76.17,73.14,83.68,69.99,93.04,75.78,72.18,83.58,64.62,2m4wG07A08,GA,1g,a,a,a,c,c,b,b,b
2m4w,G11A12,A,M01,86.34,190.38,292.08,286.26,172.79,63.58,87.03,225.68,212.5,93.22,74.79,72.71,82.66,65.92,93.74,75.8,75.42,84.81,64.92,2m4wG11A12,GA,1a,a,a,a,e,e,a,a,a
2m4w,U05C06,A,M01,87.82,218.17,282.35,287.36,179.82,59.8,93.76,195.19,199.44,93.35,75.75,72.08,81.94,64.84,93.79,76.11,72.11,82.3,64.96,2m4wU05C06,UC,1a,a,a,a,e,e,a,a,a
2meq,A07A08,A,M01,91.12,173.38,307.77,262.15,185.95,99.82,91.02,193.53,186.92,92.66,75.23,74.37,83.32,66.44,91.86,75.8,73.47,82.95,65.35,2meqA07A08,AA,1a,a,a,a,e,e,a,a,a
2meq,A08C09,A,M01,91.02,191.87,319.59,241.07,217.99,78.87,116.13,186.92,242.0,91.86,75.8,73.47,82.95,65.35,90.78,76.19,76.6,84.23,66.73,2meqA08C09,AC,1m,a,a,a,e,e,b,b,a
2meq,A11U12,A,M01,90.84,273.05,247.34,33.77,266.39,240.22,150.52,203.69,236.09,90.37,75.66,76.17,84.57,67.52,90.64,75.69,76.77,85.08,67.7,2meqA11U12,AU,7r,b,i,i,i,c,b,b,b
2meq,A13A14,A,M01,82.65,199.79,311.86,246.95,192.08,76.52,85.37,188.49,207.19,91.47,75.82,75.76,84.08,68.02,92.67,75.26,73.38,82.54,65.99,2meqA13A14,AA,1a,a,a,a,e,e,a,a,a
2meq,A14C15,A,M01,85.37,184.04,305.54,287.04,182.18,66.21,80.57,207.19,198.66,92.67,75.26,73.38,82.54,65.99,93.52,75.46,72.58,81.82,65.13,2meqA14C15,AC,1a,a,a,a,e,e,a,a,a
2meq,C03C04,A,M01,82.44,198.73,280.67,288.02,182.11,62.11,88.16,196.45,206.54,93.8,75.71,71.9,81.88,64.07,93.89,75.49,72.47,81.77,64.74,2meqC03C04,CC,1a,a,a,a,e,e,a,a,a
2meq,C04G05,A,M01,88.16,189.78,281.81,308.0,165.11,65.37,90.61,206.54,208.65,93.89,75.49,72.47,81.77,64.74,93.08,75.35,73.2,82.12,65.98,2meqC04G05,CG,&a,a,a,a,e,e,b,b,a
2meq,C09U10,A,M01,116.13,308.32,75.37,107.49,222.67,171.51,147.13,242.0,218.28,90.78,76.19,76.6,84.23,66.73,89.77,75.57,77.48,84.67,67.73,2meqC09U10,CU,0i,c,g,g,o,b,b,b,b
2meq,C15G16,A,M01,80.57,189.34,278.61,296.58,168.34,69.38,87.91,198.66,201.15,93.52,75.46,72.58,81.82,65.13,92.67,75.35,73.07,82.05,65.86,2meqC15G16,CG,&a,a,a,a,e,e,b,b,a
2meq,G01G02,A,M01,91.36,193.92,299.13,293.72,182.0,55.34,82.26,202.87,201.51,91.97,75.21,74.78,83.55,67.26,93.26,75.27,72.87,82.48,65.85,2meqG01G02,GG,1a,a,a,a,e,e,a,a,a
2meq,G02C03,A,M01,82.26,199.44,298.22,295.86,168.75,70.01,82.44,201.51,196.45,93.26,75.27,72.87,82.48,65.85,93.8,75.71,71.9,81.88,64.07,2meqG02C03,GC,1a,a,a,a,e,e,a,a,a
2meq,G05U06,A,M01,90.61,180.58,283.19,120.18,216.82,216.91,92.97,208.65,166.61,93.08,75.35,73.2,82.12,65.98,93.29,75.54,72.91,82.44,64.85,2meqG05U06,GU,1c,a,e,e,d,d,b,b,b
2meq,G16G17,A,M01,87.91,206.96,293.63,296.34,161.91,70.05,84.77,201.15,191.52,92.67,75.35,73.07,82.05,65.86,93.0,75.17,72.57,82.01,65.13,2meqG16G17,GG,1a,a,a,a,e,e,a,a,a
2meq,G17U18,A,M01,84.77,202.68,283.74,287.99,179.82,63.86,89.93,191.52,205.73,93.0,75.17,72.57,82.01,65.13,94.08,75.67,71.98,81.84,63.96,2meqG17U18,GU,1a,a,a,a,e,e,a,a,a
2meq,U06A07,A,M01,92.97,183.64,330.7,240.01,199.64,84.67,91.12,166.61,193.53,93.29,75.54,72.91,82.44,64.85,92.66,75.23,74.37,83.32,66.44,2meqU06A07,UA,1m,a,a,a,e,e,b,b,a
2meq,U10A11,A,M01,147.13,273.97,112.66,244.65,165.76,54.61,90.84,218.28,203.69,89.77,75.57,77.48,84.67,67.73,90.37,75.66,76.17,84.57,67.52,2meqU10A11,UA,6g,c,c,c,p,c,b,b,b
2meq,U12A13,A,M01,150.52,261.07,49.21,120.09,244.43,142.04,82.65,236.09,188.49,90.64,75.69,76.77,85.08,67.7,91.47,75.82,75.76,84.08,68.02,2meqU12A13,UA,0i,c,g,g,o,b,b,b,b
2meq,U18C19,A,M01,89.93,193.95,278.86,297.25,182.24,49.87,84.57,205.73,211.01,94.08,75.67,71.98,81.84,63.96,92.49,77.47,69.84,83.31,65.17,2meqU18C19,UC,&a,a,a,a,e,e,b,b,a
2mfc,G08A09,B,M01,149.33,204.22,264.02,295.57,195.09,53.19,139.26,155.69,217.95,88.61,79.24,79.18,87.6,68.58,89.82,78.81,75.97,81.92,68.46,2mfcG08A09,GA,2[,d,d,d,t,e,b,b,b
2mfc,G12A13,B,M01,98.2,290.82,308.03,270.38,49.6,176.81,95.03,167.57,171.19,93.7,74.89,73.37,82.86,64.84,93.07,75.47,72.58,82.25,64.66,2mfcG12A13,GA,1e,a,e,e,f,f,b,b,b
2mff,A43U44,B,M01,89.77,217.29,302.42,283.23,176.66,49.8,71.02,193.96,198.23,93.19,75.73,72.67,82.12,64.91,93.03,75.86,72.54,82.13,64.69,2mffA43U44,AU,1a,a,a,a,e,e,a,a,a
2mff,A48G49,B,M01,110.68,182.2,269.25,184.29,183.58,177.33,164.8,191.43,148.92,90.5,77.78,78.31,87.36,68.89,92.33,77.31,78.91,81.92,68.35,2mffA48G49,AG,1t,b,f,f,k,d,b,b,b
2mff,A51A52,B,M01,84.76,242.09,277.61,38.26,174.72,64.86,140.77,247.33,225.15,90.25,78.66,77.84,82.15,67.06,90.34,77.61,75.56,82.03,64.99,2mffA51A52,AA,7d,a,a,a,a,a,b,b,b
2mff,A52G53,B,M01,140.77,222.18,69.4,61.45,176.4,276.47,98.13,225.15,183.06,90.34,77.61,75.56,82.03,64.99,93.01,75.28,72.47,82.45,64.25,2mffA52G53,AG,6j,c,g,g,o,b,b,b,b
2mff,C45G46,B,M01,76.51,194.77,292.31,287.56,173.51,68.84,81.36,200.16,190.68,94.32,75.3,73.83,82.1,67.1,93.77,75.43,72.84,82.2,65.79,2mffC45G46,CG,1a,a,a,a,e,e,a,a,a
2mff,C47A48,B,M01,80.18,189.77,296.54,159.87,189.65,176.16,110.68,200.5,191.43,94.33,75.11,72.41,84.75,67.69,90.5,77.78,78.31,87.36,68.89,2mffC47A48,CA,1c,a,e,e,d,d,b,b,b
2mff,C54G55,B,M01,77.27,193.96,292.54,287.6,181.11,58.96,77.48,196.12,188.95,93.62,75.56,73.82,82.23,64.64,93.1,75.51,72.75,82.04,64.45,2mffC54G55,CG,1a,a,a,a,e,e,a,a,a
2mff,G40G41,B,M01,78.79,195.88,292.97,284.57,178.51,58.61,77.38,203.52,200.11,91.82,75.24,74.52,83.31,66.88,92.77,75.61,73.05,82.26,65.96,2mffG40G41,GG,1a,a,a,a,e,e,a,a,a
2mff,G41G42,B,M01,77.38,191.84,294.94,287.39,178.29,60.71,79.19,200.11,189.39,92.77,75.61,73.05,82.26,65.96,93.04,75.46,73.14,82.2,65.88,2mffG41G42,GG,1a,a,a,a,e,e,a,a,a
2mff,G42A43,B,M01,79.19,199.28,291.36,289.72,175.66,64.22,89.77,189.39,193.96,93.04,75.46,73.14,82.2,65.88,93.19,75.73,72.67,82.12,64.91,2mffG42A43,GA,1a,a,a,a,e,e,a,a,a
2mff,G46C47,B,M01,81.36,196.74,294.11,287.32,182.34,60.15,80.18,190.68,200.5,93.77,75.43,72.84,82.2,65.79,94.33,75.11,72.41,84.75,67.69,2mffG46C47,GC,1a,a,a,a,e,e,a,a,a
2mff,G49G50,B,M01,164.8,202.09,269.75,286.33,196.49,54.2,147.12,148.92,234.98,92.33,77.31,78.91,81.92,68.35,88.61,79.04,75.6,85.53,67.24,2mffG49G50,GG,2[,d,d,d,t,e,b,b,b
2mff,G50A51,B,M01,147.12,249.8,61.11,75.75,187.67,181.78,84.76,234.98,247.33,88.61,79.04,75.6,85.53,67.24,90.25,78.66,77.84,82.15,67.06,2mffG50A51,GA,6n,c,g,g,o,b,b,b,b
2mff,G53C54,B,M01,98.13,219.87,295.32,285.41,180.23,51.36,77.27,183.06,196.12,93.01,75.28,72.47,82.45,64.25,93.62,75.56,73.82,82.23,64.64,2mffG53C54,GC,1a,a,a,a,e,e,a,a,a
2mff,G55A56,B,M01,77.48,200.63,292.45,287.04,176.42,62.02,80.31,188.95,191.39,93.1,75.51,72.75,82.04,64.45,93.54,75.46,72.37,81.94,65.2,2mffG55A56,GA,1a,a,a,a,e,e,a,a,a
2mff,U44C45,B,M01,71.02,188.46,287.63,285.83,175.59,62.29,76.51,198.23,200.16,93.03,75.86,72.54,82.13,64.69,94.32,75.3,73.83,82.1,67.1,2mffU44C45,UC,1a,a,a,a,e,e,a,a,a
2mfg,A69U70,B,M01,79.89,195.86,294.32,285.9,176.61,63.83,76.17,196.3,202.05,93.59,75.39,72.9,82.18,64.86,93.21,75.58,72.88,82.39,65.83,2mfgA69U70,AU,1a,a,a,a,e,e,a,a,a
2mfg,G64G65,B,M01,157.2,201.41,242.7,285.1,190.03,62.45,134.55,159.26,214.64,92.8,77.92,79.34,87.46,67.67,88.56,79.18,79.04,82.0,68.64,2mfgG64G65,GG,2[,d,d,d,t,e,b,b,b
2mhi,A03A04,A,M01,89.39,226.62,261.1,270.19,150.47,76.9,96.46,189.48,192.27,93.05,75.61,72.68,81.95,64.99,92.78,75.58,72.79,81.9,64.91,2mhiA03A04,AA,1L,a,a,a,e,e,b,b,a
2mhi,A04A05,A,M01,96.46,188.21,274.74,274.05,169.91,77.68,97.26,192.27,201.06,92.78,75.58,72.79,81.9,64.91,92.49,75.53,72.55,81.81,65.48,2mhiA04A05,AA,&a,a,a,a,e,e,b,b,a
2mhi,A05C06,A,M01,97.26,200.54,309.24,268.05,188.11,55.5,89.8,201.06,212.34,92.49,75.53,72.55,81.81,65.48,93.44,75.52,72.44,81.84,64.62,2mhiA05C06,AC,1a,a,a,a,e,e,a,a,a
2mhi,A16G17,A,M01,101.2,178.44,288.06,279.6,172.1,77.8,98.34,216.68,212.4,93.1,75.44,73.24,82.46,66.71,92.7,75.51,72.33,82.08,64.04,2mhiA16G17,AG,&a,a,a,a,e,e,b,b,a
2mhi,A31A32,A,M01,89.42,174.08,8.51,191.71,109.99,169.24,78.77,219.31,205.35,91.38,76.64,74.27,83.02,66.59,91.77,75.54,73.3,82.33,66.4,2mhiA31A32,AA,5j,a,e,e,b,b,b,b,b
2mhi,A32G33,A,M01,78.77,223.79,265.32,278.79,149.83,72.56,82.98,205.35,216.97,91.77,75.54,73.3,82.33,66.4,92.69,75.46,72.49,81.89,67.36,2mhiA32G33,AG,1L,a,a,a,e,e,b,b,a
2mhi,A34G35,A,M01,93.54,203.44,267.35,283.09,149.65,78.51,98.05,200.35,186.44,92.79,75.6,73.27,82.25,67.16,93.05,75.19,73.41,82.56,64.86,2mhiA34G35,AG,1a,a,a,a,e,e,a,a,a
2mhi,C06G07,A,M01,89.8,234.41,288.18,277.45,149.92,77.64,96.04,212.34,198.83,93.44,75.52,72.44,81.84,64.62,93.17,75.29,73.01,82.41,67.85,2mhiC06G07,CG,1L,a,a,a,e,e,b,b,a
2mhi,C08C09,A,M01,92.11,211.32,305.87,174.27,148.26,142.27,93.23,189.02,203.4,93.37,75.96,73.01,82.62,66.04,93.55,75.48,72.26,83.59,66.89,2mhiC08C09,CC,1f,a,e,e,d,d,b,b,b
2mhi,C09G10,A,M01,93.23,280.81,124.95,228.24,149.01,55.45,105.27,203.4,219.63,93.55,75.48,72.26,83.59,66.89,92.88,75.31,72.84,82.92,67.22,2mhiC09G10,CG,4g,c,c,c,p,c,b,b,b
2mhi,C11G12,A,M01,96.33,229.23,272.78,267.51,156.06,73.44,87.3,215.88,206.9,93.13,76.19,75.5,82.98,65.84,94.22,74.45,74.17,82.94,68.72,2mhiC11G12,CG,1L,a,a,a,e,e,b,b,a
2mhi,C15A16,A,M01,101.75,179.89,307.28,267.73,196.34,66.08,101.2,203.11,216.68,94.03,75.44,73.08,83.28,68.4,93.1,75.44,73.24,82.46,66.71,2mhiC15A16,CA,1m,a,a,a,e,e,b,b,a
2mhi,C18U19,A,M01,104.16,200.3,303.19,110.64,169.85,84.29,145.56,227.65,235.94,92.42,76.3,77.64,83.04,65.94,89.78,75.22,78.6,85.67,67.15,2mhiC18U19,CU,1g,a,a,a,c,c,b,b,b
2mhi,C20G21,A,M01,129.05,288.87,108.45,154.7,264.12,82.78,136.35,205.74,231.26,89.97,77.42,77.01,83.98,67.04,89.46,75.13,74.23,84.91,66.42,2mhiC20G21,CG,6g,c,c,c,p,c,b,b,b
2mhi,C23U24,A,M01,98.53,185.29,274.81,270.86,160.98,78.06,93.38,214.51,198.54,92.83,76.74,72.54,81.97,67.83,93.48,75.34,72.92,82.18,67.79,2mhiC23U24,CU,&a,a,a,a,e,e,b,b,a
2mhi,C26U27,A,M01,97.21,181.35,290.54,268.99,186.79,69.5,93.66,209.64,212.6,93.69,75.24,72.44,81.78,67.48,93.89,75.51,72.94,82.5,66.99,2mhiC26U27,CU,&a,a,a,a,e,e,b,b,a
2mhi,C29G30,A,M01,104.4,169.18,354.03,167.08,210.72,27.68,102.36,217.69,205.06,93.86,75.46,73.77,82.71,64.69,93.03,75.77,72.83,84.02,64.84,2mhiC29G30,CG,1g,a,a,a,c,c,b,b,b
2mhi,G01G02,A,M01,104.58,215.58,294.4,271.28,171.5,74.73,89.12,180.14,185.32,91.82,75.08,74.48,83.26,67.12,92.82,75.5,73.04,82.47,65.47,2mhiG01G02,GG,1a,a,a,a,e,e,a,a,a
2mhi,G02A03,A,M01,89.12,223.27,289.25,281.34,155.02,73.7,89.39,185.32,189.48,92.82,75.5,73.04,82.47,65.47,93.05,75.61,72.68,81.95,64.99,2mhiG02A03,GA,1a,a,a,a,e,e,a,a,a
2mhi,G07C08,A,M01,96.04,196.23,308.13,155.65,185.89,153.94,92.11,198.83,189.02,93.17,75.29,73.01,82.41,67.85,93.37,75.96,73.01,82.62,66.04,2mhiG07C08,GC,1c,a,e,e,d,d,b,b,b
2mhi,G10C11,A,M01,105.27,181.83,290.71,267.5,186.77,66.51,96.33,219.63,215.88,92.88,75.31,72.84,82.92,67.22,93.13,76.19,75.5,82.98,65.84,2mhiG10C11,GC,&a,a,a,a,e,e,b,b,a
2mhi,G12G13,A,M01,87.3,176.05,300.09,269.9,190.49,66.09,89.48,206.9,210.21,94.22,74.45,74.17,82.94,68.72,90.99,77.87,75.96,84.5,67.49,2mhiG12G13,GG,&a,a,a,a,e,e,b,b,a
2mhi,G13U14,A,M01,89.48,209.94,298.59,94.19,208.6,0.51,126.28,210.21,257.63,90.99,77.87,75.96,84.5,67.49,91.59,75.81,75.71,84.82,68.16,2mhiG13U14,GU,7d,a,a,a,a,a,b,b,b
2mhi,G17C18,A,M01,98.34,206.88,286.92,312.86,150.65,53.18,104.16,212.4,227.65,92.7,75.51,72.33,82.08,64.04,92.42,76.3,77.64,83.04,65.94,2mhiG17C18,GC,1a,a,a,a,e,e,a,a,a
2mhi,G21G22,A,M01,136.35,65.85,302.94,277.08,166.39,74.65,87.58,231.26,230.75,89.46,75.13,74.23,84.91,66.42,92.68,74.38,72.42,84.75,64.16,2mhiG21G22,GG,&a,a,a,a,e,e,b,b,a
2mhi,G22C23,A,M01,87.58,178.49,287.19,291.06,165.28,74.22,98.53,230.75,214.51,92.68,74.38,72.42,84.75,64.16,92.83,76.74,72.54,81.97,67.83,2mhiG22C23,GC,&a,a,a,a,e,e,b,b,a
2mhi,G25C26,A,M01,88.64,195.98,310.96,281.16,188.06,54.6,97.21,189.62,209.64,93.13,75.25,71.69,83.56,68.8,93.69,75.24,72.44,81.78,67.48,2mhiG25C26,GC,1a,a,a,a,e,e,a,a,a
2mhi,G28C29,A,M01,92.84,218.07,280.9,307.7,149.24,59.73,104.4,204.27,217.69,92.77,75.16,72.51,81.76,64.66,93.86,75.46,73.77,82.71,64.69,2mhiG28C29,GC,1a,a,a,a,e,e,a,a,a
2mhi,G30A31,A,M01,102.36,273.46,287.27,234.62,86.99,92.14,89.42,205.06,219.31,93.03,75.77,72.83,84.02,64.84,91.38,76.64,74.27,83.02,66.59,2mhiG30A31,GA,1L,a,a,a,e,e,b,b,a
2mhi,G33A34,A,M01,82.98,204.02,270.37,298.99,149.32,77.65,93.54,216.97,200.35,92.69,75.46,72.49,81.89,67.36,92.79,75.6,73.27,82.25,67.16,2mhiG33A34,GA,1a,a,a,a,e,e,a,a,a
2mhi,G35U36,A,M01,98.05,230.68,289.1,293.01,164.52,54.29,89.07,186.44,190.78,93.05,75.19,73.41,82.56,64.86,94.18,75.9,77.97,86.67,65.44,2mhiG35U36,GU,1a,a,a,a,e,e,a,a,a
2mhi,U14C15,A,M01,126.28,201.2,274.27,214.92,149.32,29.83,101.75,257.63,203.11,91.59,75.81,75.71,84.82,68.16,94.03,75.44,73.08,83.28,68.4,2mhiU14C15,UC,1z,b,b,b,j,c,b,b,b
2mhi,U19C20,A,M01,145.56,57.48,72.13,122.03,262.28,127.7,129.05,235.94,205.74,89.78,75.22,78.6,85.67,67.15,89.97,77.42,77.01,83.98,67.04,2mhiU19C20,UC,5z,b,b,b,j,c,b,b,b
2mhi,U24G25,A,M01,93.38,229.4,286.31,267.68,154.59,70.97,88.64,198.54,189.62,93.48,75.34,72.92,82.18,67.79,93.13,75.25,71.69,83.56,68.8,2mhiU24G25,UG,1a,a,a,a,e,e,a,a,a
2mhi,U27G28,A,M01,93.66,222.41,278.1,310.57,149.89,54.42,92.84,212.6,204.27,93.89,75.51,72.94,82.5,66.99,92.77,75.16,72.51,81.76,64.66,2mhiU27G28,UG,1L,a,a,a,e,e,b,b,a
2mhi,U36U37,A,M01,89.07,254.15,257.86,38.53,229.34,134.0,134.12,190.78,241.91,94.18,75.9,77.97,86.67,65.44,89.15,74.61,79.6,84.89,65.14,2mhiU36U37,UU,7p,b,b,b,g,a,b,b,b
2n7x,A22G23,A,M01,82.29,188.64,286.86,147.1,198.31,178.23,92.43,195.93,177.63,92.47,75.98,73.64,81.99,65.17,92.75,75.39,72.14,82.34,67.31,2n7xA22G23,AG,1c,a,e,e,d,d,b,b,b
2n7x,A31U32,A,M01,134.11,191.89,225.35,42.23,226.06,173.12,148.42,245.66,288.3,90.36,76.06,76.7,85.27,67.97,90.85,75.65,74.56,85.07,67.8,2n7xA31U32,AU,4n,c,g,g,o,b,b,b,b
2n7x,A34C35,A,M01,87.37,216.37,295.69,294.2,163.63,64.8,81.53,186.41,186.46,92.8,75.51,72.27,82.31,64.37,93.59,75.72,72.38,81.91,64.32,2n7xA34C35,AC,1a,a,a,a,e,e,a,a,a
2n7x,A39C40,A,M01,87.25,218.62,280.74,300.36,152.34,64.01,81.87,187.97,190.6,92.87,75.52,72.11,82.06,64.36,93.86,75.76,69.83,81.95,65.23,2n7xA39C40,AC,1a,a,a,a,e,e,a,a,a
2n7x,C30A31,A,M01,139.49,275.62,184.8,46.28,246.89,122.46,134.11,241.74,245.66,90.77,76.72,77.06,84.64,68.11,90.36,76.06,76.7,85.27,67.97,2n7xC30A31,CA,4p,d,d,d,s,a,b,b,b
2n7x,C35U36,A,M01,81.53,190.66,286.92,281.02,187.58,67.28,80.85,186.46,191.06,93.59,75.72,72.38,81.91,64.32,93.77,75.44,73.64,82.27,65.46,2n7xC35U36,CU,&a,a,a,a,e,e,b,b,a
2n7x,C37U38,A,M01,88.07,207.09,297.33,288.03,187.54,52.17,79.57,185.23,195.09,92.89,75.63,73.24,82.32,66.08,94.12,75.08,72.67,82.48,64.93,2n7xC37U38,CU,1a,a,a,a,e,e,a,a,a
2n7x,G19G20,A,M01,83.87,196.54,301.5,282.86,182.73,60.01,80.01,205.34,201.11,91.55,75.12,75.84,83.46,67.35,93.11,75.37,72.15,82.66,66.31,2n7xG19G20,GG,1a,a,a,a,e,e,a,a,a
2n7x,G20U21,A,M01,80.01,185.54,290.19,144.8,190.87,179.7,84.4,201.11,185.91,93.11,75.37,72.15,82.66,66.31,93.65,75.37,73.1,82.2,64.51,2n7xG20U21,GU,1c,a,e,e,d,d,b,b,b
2n7x,G23U24,A,M01,92.43,209.17,304.05,283.42,191.49,47.94,81.5,177.63,190.01,92.75,75.39,72.14,82.34,67.31,94.27,75.1,72.38,82.59,64.45,2n7xG23U24,GU,1a,a,a,a,e,e,a,a,a
2n7x,G28G29,A,M01,153.2,281.15,212.71,305.54,125.94,67.86,143.19,206.77,217.75,90.64,75.68,77.06,84.23,67.53,89.59,75.29,77.25,85.03,67.53,2n7xG28G29,GG,4b,d,d,d,t,e,b,a,b
2n7x,G29C30,A,M01,143.19,305.72,92.71,28.01,171.6,165.24,139.49,217.75,241.74,89.59,75.29,77.25,85.03,67.53,90.77,76.72,77.06,84.64,68.11,2n7xG29C30,GC,6n,c,g,g,o,b,b,b,b
2n7x,G33A34,A,M01,92.08,227.43,289.6,297.28,167.22,53.91,87.37,175.93,186.41,92.52,75.16,72.71,83.14,65.26,92.8,75.51,72.27,82.31,64.37,2n7xG33A34,GA,1a,a,a,a,e,e,a,a,a
2n7x,U21A22,A,M01,84.4,213.18,288.65,298.93,170.39,52.63,82.29,185.91,195.93,93.65,75.37,73.1,82.2,64.51,92.47,75.98,73.64,81.99,65.17,2n7xU21A22,UA,1a,a,a,a,e,e,a,a,a
2n7x,U24U25,A,M01,81.5,176.12,285.47,160.64,200.34,176.34,90.16,190.01,181.81,94.27,75.1,72.38,82.59,64.45,93.32,75.6,72.94,82.28,64.27,2n7xU24U25,UU,1c,a,e,e,d,d,b,b,b
2n7x,U25U26,A,M01,90.16,215.12,292.81,294.57,166.21,55.97,81.76,181.81,194.31,93.32,75.6,72.94,82.28,64.27,92.81,75.41,73.98,82.19,66.84,2n7xU25U26,UU,1a,a,a,a,e,e,a,a,a
2n7x,U26U27,A,M01,81.76,199.88,299.38,284.5,177.57,62.72,82.75,194.31,195.71,92.81,75.41,73.98,82.19,66.84,94.3,75.58,76.1,83.33,66.48,2n7xU26U27,UU,1a,a,a,a,e,e,a,a,a
2n7x,U27G28,A,M01,82.75,274.27,213.85,68.62,271.26,205.32,153.2,195.71,206.77,94.3,75.58,76.1,83.33,66.48,90.64,75.68,77.06,84.23,67.53,2n7xU27G28,UG,4n,c,g,g,o,b,b,b,b
2n7x,U32G33,A,M01,148.42,265.27,287.14,148.59,211.2,167.76,92.08,288.3,175.93,90.85,75.65,74.56,85.07,67.8,92.52,75.16,72.71,83.14,65.26,2n7xU32G33,UG,1c,a,e,e,d,d,b,b,b
2n7x,U36C37,A,M01,80.85,184.75,291.23,154.01,204.37,167.87,88.07,191.06,185.23,93.77,75.44,73.64,82.27,65.46,92.89,75.63,73.24,82.32,66.08,2n7xU36C37,UC,1c,a,e,e,d,d,b,b,b
2n7x,U38A39,A,M01,79.57,184.14,293.71,141.7,192.36,184.17,87.25,195.09,187.97,94.12,75.08,72.67,82.48,64.93,92.87,75.52,72.11,82.06,64.36,2n7xU38A39,UA,1c,a,e,e,d,d,b,b,b
2n82,A31U32,A,M01,137.76,41.5,283.67,135.47,89.52,43.54,114.58,266.63,206.75,87.84,74.48,79.41,87.69,68.08,88.23,73.17,78.45,86.95,68.1,2n82A31U32,AU,1z,b,b,b,j,c,b,b,b
2n82,A34C35,A,M01,156.15,294.09,91.92,79.89,209.04,178.75,86.08,314.62,189.66,89.58,73.24,72.22,83.41,65.01,93.67,75.33,72.16,82.06,65.11,2n82A34C35,AC,6n,c,g,g,o,b,b,b,b
2n82,C30A31,A,M01,116.13,248.54,280.54,288.46,182.1,48.16,137.76,273.54,266.63,86.86,73.93,79.52,87.66,67.3,87.84,74.48,79.41,87.69,68.08,2n82C30A31,CA,2[,d,d,d,t,e,b,b,b
2n82,G19G20,A,M01,85.05,204.73,284.92,106.79,185.36,199.41,80.03,229.52,214.65,91.86,75.14,74.52,83.26,66.97,93.14,75.35,73.25,82.67,66.41,2n82G19G20,GG,1c,a,e,e,d,d,b,b,b
2n82,G23U24,A,M01,98.58,210.21,291.22,290.23,176.11,56.24,78.02,178.4,192.22,92.58,75.4,74.4,83.05,65.92,93.23,75.54,76.24,82.31,65.58,2n82G23U24,GU,1a,a,a,a,e,e,a,a,a
2n82,G28G29,A,M01,79.26,176.31,267.03,299.81,183.85,77.06,142.36,163.07,241.73,91.92,75.79,79.7,85.19,68.23,87.8,75.24,74.22,85.83,68.92,2n82G28G29,GG,1b,b,b,b,l,e,b,b,b
2n82,G29C30,A,M01,142.36,293.43,84.75,213.3,179.59,56.95,116.13,241.73,273.54,87.8,75.24,74.22,85.83,68.92,86.86,73.93,79.52,87.66,67.3,2n82G29C30,GC,6g,c,c,c,p,c,b,b,b
2n82,G33A34,A,M01,96.02,270.08,206.39,48.18,194.94,138.78,156.15,46.44,314.62,91.49,76.11,75.22,86.41,68.03,89.58,73.24,72.22,83.41,65.01,2n82G33A34,GA,7p,b,b,b,g,a,b,b,b
2n82,U24U25,A,M01,78.02,161.54,33.7,229.08,204.75,45.99,131.02,192.22,313.86,93.23,75.54,76.24,82.31,65.58,92.82,76.28,77.0,83.78,67.92,2n82U24U25,UU,5z,b,b,b,j,c,b,b,b
2n82,U25U26,A,M01,131.02,198.46,220.33,47.25,228.71,265.03,156.7,313.86,324.66,92.82,76.28,77.0,83.78,67.92,91.15,75.59,77.13,85.25,67.67,2n82U25U26,UU,7r,b,i,i,i,c,b,b,b
2n82,U26U27,A,M01,156.7,266.87,176.83,133.75,256.6,56.4,157.18,324.66,323.3,91.15,75.59,77.13,85.25,67.67,89.79,75.22,76.77,84.93,68.18,2n82U26U27,UU,4p,d,d,d,s,a,b,b,b
2n82,U27G28,A,M01,157.18,287.43,201.03,308.47,114.34,67.08,79.26,323.3,163.07,89.79,75.22,76.77,84.93,68.18,91.92,75.79,79.7,85.19,68.23,2n82U27G28,UG,4a,c,c,c,q,e,b,b,b
2n82,U32G33,A,M01,114.58,261.87,134.7,284.88,141.25,45.46,96.02,206.75,46.44,88.23,73.17,78.45,86.95,68.1,91.49,76.11,75.22,86.41,68.03,2n82U32G33,UG,0a,c,c,c,q,e,b,a,b
2o32,U10U11,A,M01,150.16,193.53,25.94,220.15,250.67,19.21,154.16,199.49,237.22,94.06,76.04,73.86,83.53,64.74,90.71,75.77,78.58,85.5,65.9,2o32U10U11,UU,6g,c,c,c,p,c,b,b,b
2qh2,A03G04,A,M01,90.04,225.05,275.79,325.98,151.2,26.75,88.98,199.75,216.42,93.05,75.81,72.01,82.01,65.51,93.11,75.55,72.06,82.03,67.66,2qh2A03G04,AG,1L,a,a,a,e,e,b,b,a
2qh2,C07C08,A,M01,91.29,201.48,290.13,267.87,191.29,62.83,91.85,188.99,206.74,93.81,72.28,75.37,81.95,67.69,94.13,75.79,74.53,82.76,66.48,2qh2C07C08,CC,1a,a,a,a,e,e,a,a,a
2qh2,C08U09,A,M01,91.85,207.74,295.7,298.37,162.61,66.35,92.8,206.74,198.49,94.13,75.79,74.53,82.76,66.48,93.92,75.77,72.7,83.37,67.66,2qh2C08U09,CU,1a,a,a,a,e,e,a,a,a
2qh2,G01G02,A,M01,94.64,186.12,305.55,284.87,169.8,69.84,87.56,221.38,202.63,92.73,75.15,74.45,83.29,67.15,93.05,75.55,72.76,82.48,64.42,2qh2G01G02,GG,1a,a,a,a,e,e,a,a,a
2qh2,G02A03,A,M01,87.56,197.84,290.06,290.57,157.37,77.61,90.04,202.63,199.75,93.05,75.55,72.76,82.48,64.42,93.05,75.81,72.01,82.01,65.51,2qh2G02A03,GA,1a,a,a,a,e,e,a,a,a
2qh2,G04U05,A,M01,88.98,179.87,264.12,316.63,163.84,36.68,87.12,216.42,210.39,93.11,75.55,72.06,82.03,67.66,93.54,75.43,75.58,82.72,67.48,2qh2G04U05,GU,&a,a,a,a,e,e,b,b,a
2qh2,G06C07,A,M01,92.63,185.05,271.3,267.84,171.3,77.68,91.29,193.08,188.99,91.86,75.95,72.42,81.76,67.45,93.81,72.28,75.37,81.95,67.69,2qh2G06C07,GC,&a,a,a,a,e,e,b,b,a
2qh2,U05G06,A,M01,87.12,181.24,316.44,270.97,182.97,67.85,92.63,210.39,193.08,93.54,75.43,75.58,82.72,67.48,91.86,75.95,72.42,81.76,67.45,2qh2U05G06,UG,1a,a,a,a,e,e,a,a,a
2qh2,U09G10,A,M01,92.8,208.27,293.14,291.87,176.78,45.77,90.13,198.49,219.73,93.92,75.77,72.7,83.37,67.66,91.91,75.43,77.57,82.1,65.96,2qh2U09G10,UG,1a,a,a,a,e,e,a,a,a
2qh3,A03G04,A,M01,86.82,204.95,291.45,282.19,161.67,77.57,87.8,201.01,192.77,93.1,75.86,72.7,82.22,65.09,93.04,75.4,73.11,82.03,66.18,2qh3A03G04,AG,1a,a,a,a,e,e,a,a,a
2qh3,A11C12,A,M01,97.3,213.88,292.56,307.38,130.9,100.82,113.83,185.8,199.67,91.32,75.74,75.74,85.1,66.41,92.13,75.9,76.42,84.67,67.41,2qh3A11C12,AC,1L,a,a,a,e,e,b,b,a
2qh3,C07C08,A,M01,90.04,199.07,278.91,280.6,186.0,47.11,91.51,199.89,211.41,93.86,75.64,81.7,83.2,64.42,93.95,75.69,72.22,84.64,64.88,2qh3C07C08,CC,&a,a,a,a,e,e,b,b,a
2qh3,C08U09,A,M01,91.51,195.68,287.25,298.14,179.17,55.79,90.64,211.41,206.88,93.95,75.69,72.22,84.64,64.88,93.26,75.89,73.0,83.99,64.73,2qh3C08U09,CU,1a,a,a,a,e,e,a,a,a
2qh3,C12U13,A,M01,113.83,248.33,268.82,58.23,196.8,105.45,142.13,199.67,246.4,92.13,75.9,76.42,84.67,67.41,90.28,75.91,77.27,83.74,67.87,2qh3C12U13,CU,7p,b,b,b,g,a,b,b,b
2qh3,C18A19,A,M01,97.25,189.46,273.4,283.45,186.84,42.5,90.96,209.0,211.51,93.96,75.86,72.33,82.03,64.66,93.13,75.75,71.95,82.01,64.44,2qh3C18A19,CA,&a,a,a,a,e,e,b,b,a
2qh3,G01G02,A,M01,103.8,186.76,283.61,271.62,179.12,74.05,97.27,212.71,206.9,91.77,75.06,74.74,82.49,67.18,93.02,75.53,73.03,82.11,66.4,2qh3G01G02,GG,&a,a,a,a,e,e,b,b,a
2qh3,G02A03,A,M01,97.27,203.45,298.67,273.65,170.03,71.52,86.82,206.9,201.01,93.02,75.53,73.03,82.11,66.4,93.1,75.86,72.7,82.22,65.09,2qh3G02A03,GA,1a,a,a,a,e,e,a,a,a
2qh3,G04U05,A,M01,87.8,220.33,267.87,288.21,153.59,74.3,85.14,192.77,200.1,93.04,75.4,73.11,82.03,66.18,93.5,75.44,75.28,81.88,66.18,2qh3G04U05,GU,1L,a,a,a,e,e,b,b,a
2qh3,G06C07,A,M01,93.42,198.45,297.58,287.85,168.87,71.88,90.04,203.43,199.89,92.69,75.47,72.81,82.0,65.62,93.86,75.64,81.7,83.2,64.42,2qh3G06C07,GC,1a,a,a,a,e,e,a,a,a
2qh3,G14U15,A,M01,109.44,209.6,258.52,214.88,169.34,70.75,99.47,73.43,185.54,90.99,75.42,76.95,83.85,68.03,92.69,75.12,74.18,82.04,66.57,2qh3G14U15,GU,1z,b,b,b,j,c,b,b,b
2qh3,G16G17,A,M01,102.48,230.33,267.59,316.57,167.14,34.39,99.65,178.93,204.66,92.44,75.86,75.47,82.0,66.72,93.34,75.94,72.81,81.95,65.31,2qh3G16G17,GG,1a,a,a,a,e,e,a,a,a
2qh3,G17C18,A,M01,99.65,188.67,308.23,281.4,187.36,59.66,97.25,204.66,209.0,93.34,75.94,72.81,81.95,65.31,93.96,75.86,72.33,82.03,64.66,2qh3G17C18,GC,1a,a,a,a,e,e,a,a,a
2qh3,U05G06,A,M01,85.14,213.56,270.59,270.24,163.23,72.64,93.42,200.1,203.43,93.5,75.44,75.28,81.88,66.18,92.69,75.47,72.81,82.0,65.62,2qh3U05G06,UG,1a,a,a,a,e,e,a,a,a
2qh3,U09U10,A,M01,90.64,207.62,273.72,264.56,119.51,131.13,136.44,206.88,226.93,93.26,75.89,73.0,83.99,64.73,90.54,75.78,76.81,84.45,67.58,2qh3U09U10,UU,1e,a,e,e,f,f,b,b,b
2qh3,U10A11,A,M01,136.44,292.14,239.83,58.59,241.89,119.07,97.3,226.93,185.8,90.54,75.78,76.81,84.45,67.58,91.32,75.74,75.74,85.1,66.41,2qh3U10A11,UA,8d,c,c,c,n,a,b,b,b
2qh3,U13G14,A,M01,142.13,223.12,299.74,234.59,119.64,147.41,109.44,246.4,73.43,90.28,75.91,77.27,83.74,67.87,90.99,75.42,76.95,83.85,68.03,2qh3U13G14,UG,1e,a,e,e,f,f,b,b,b
2qh3,U15G16,A,M01,99.47,239.92,318.31,299.63,180.34,77.68,102.48,185.54,178.93,92.69,75.12,74.18,82.04,66.57,92.44,75.86,75.47,82.0,66.72,2qh3U15G16,UG,1a,a,a,a,e,e,a,a,a
2qh4,A04C05,A,M01,94.24,211.87,266.8,287.34,163.58,60.85,93.35,203.17,209.89,93.08,75.67,72.44,81.83,64.91,93.38,75.58,72.16,81.66,64.52,2qh4A04C05,AC,1a,a,a,a,e,e,a,a,a
2qh4,A06G07,A,M01,92.79,210.04,293.53,294.55,166.18,59.31,94.42,203.98,209.37,92.7,75.83,73.0,81.94,65.59,92.74,74.68,73.7,82.67,66.24,2qh4A06G07,AG,1a,a,a,a,e,e,a,a,a
2qh4,A08G09,A,M01,88.02,234.11,274.51,89.49,173.09,159.35,110.39,203.02,198.36,92.69,75.69,73.19,83.02,65.15,89.95,73.19,77.55,84.95,66.58,2qh4A08G09,AG,1c,a,e,e,d,d,b,b,b
2qh4,A12U13,A,M01,137.1,179.72,263.74,280.86,159.71,77.12,87.24,251.59,194.36,90.39,77.07,76.51,84.01,67.64,92.82,74.94,74.21,83.16,67.73,2qh4A12U13,AU,&a,a,a,a,e,e,b,b,a
2qh4,C03A04,A,M01,91.93,215.32,283.49,286.63,150.18,76.33,94.24,217.44,203.17,93.32,72.01,75.33,82.07,63.59,93.08,75.67,72.44,81.83,64.91,2qh4C03A04,CA,1a,a,a,a,e,e,a,a,a
2qh4,C05A06,A,M01,93.35,217.42,277.5,282.01,155.03,71.65,92.79,209.89,203.98,93.38,75.58,72.16,81.66,64.52,92.7,75.83,73.0,81.94,65.59,2qh4C05A06,CA,1a,a,a,a,e,e,a,a,a
2qh4,C17C18,A,M01,90.17,226.65,285.2,267.91,160.4,70.51,84.11,218.67,208.32,94.06,75.61,71.93,81.86,64.52,93.04,77.59,69.58,83.24,65.06,2qh4C17C18,CC,1a,a,a,a,e,e,a,a,a
2qh4,G01G02,A,M01,98.82,221.19,279.58,288.74,196.2,29.87,102.53,208.35,221.09,91.52,74.82,74.67,83.5,67.37,92.93,73.01,75.82,81.94,65.59,2qh4G01G02,GG,1a,a,a,a,e,e,a,a,a
2qh4,G02C03,A,M01,102.53,215.44,284.6,283.29,174.01,51.45,91.93,221.09,217.44,92.93,73.01,75.82,81.94,65.59,93.32,72.01,75.33,82.07,63.59,2qh4G02C03,GC,1a,a,a,a,e,e,a,a,a
2qh4,G07A08,A,M01,94.42,229.85,239.89,92.97,222.9,199.92,88.02,209.37,203.02,92.74,74.68,73.7,82.67,66.24,92.69,75.69,73.19,83.02,65.15,2qh4G07A08,GA,4n,c,g,g,o,b,b,b,b
2qh4,G09U10,A,M01,110.39,240.08,282.74,331.32,210.21,277.3,114.47,198.36,260.37,89.95,73.19,77.55,84.95,66.58,90.39,75.59,77.12,84.99,67.72,2qh4G09U10,GU,1o,b,i,i,m,g,b,b,b
2qh4,G14U15,A,M01,93.01,194.95,284.01,282.66,177.93,74.52,114.16,203.71,213.74,92.94,75.34,72.85,82.2,65.76,89.98,73.82,78.1,84.55,67.33,2qh4G14U15,GU,1b,b,b,b,l,e,b,b,b
2qh4,G16C17,A,M01,90.93,217.11,280.01,278.38,171.61,53.49,90.17,219.47,218.67,92.69,75.41,72.76,81.8,65.41,94.06,75.61,71.93,81.86,64.52,2qh4G16C17,GC,1a,a,a,a,e,e,a,a,a
2qh4,U10U11,A,M01,114.47,194.83,0.46,240.23,141.48,120.75,153.28,260.37,223.99,90.39,75.59,77.12,84.99,67.72,92.01,75.65,76.02,84.36,67.69,2qh4U10U11,UU,5z,b,b,b,j,c,b,b,b
2qh4,U11A12,A,M01,153.28,213.07,293.27,262.25,193.81,46.94,137.1,223.99,251.59,92.01,75.65,76.02,84.36,67.69,90.39,77.07,76.51,84.01,67.64,2qh4U11A12,UA,2[,d,d,d,t,e,b,b,b
2qh4,U13G14,A,M01,87.24,226.69,265.87,267.8,151.72,75.45,93.01,194.36,203.71,92.82,74.94,74.21,83.16,67.73,92.94,75.34,72.85,82.2,65.76,2qh4U13G14,UG,1L,a,a,a,e,e,b,b,a
2qh4,U15G16,A,M01,114.16,228.95,268.33,272.2,161.35,58.36,90.93,213.74,219.47,89.98,73.82,78.1,84.55,67.33,92.69,75.41,72.76,81.8,65.41,2qh4U15G16,UG,1a,a,a,a,e,e,a,a,a
5kqe,A07C08,A,M01,99.54,227.34,302.96,120.8,216.84,183.34,92.3,190.36,195.73,93.08,76.22,73.78,83.32,66.85,93.13,76.26,74.22,83.39,67.12,5kqeA07C08,AC,1c,a,e,e,d,d,b,b,b
5kqe,G01G02,A,M01,82.74,204.27,296.04,289.69,177.22,53.05,79.18,200.04,188.7,91.84,75.27,74.68,83.57,66.94,92.88,76.09,73.42,82.54,68.06,5kqeG01G02,GG,1a,a,a,a,e,e,a,a,a
5kqe,G02G03,A,M01,79.18,204.66,295.16,296.17,173.85,54.78,79.66,188.7,190.15,92.88,76.09,73.42,82.54,68.06,93.77,75.72,73.4,84.06,67.68,5kqeG02G03,GG,1a,a,a,a,e,e,a,a,a
5kqe,G03U04,A,M01,79.66,207.91,289.01,301.35,170.86,52.49,80.27,190.15,191.78,93.77,75.72,73.4,84.06,67.68,94.01,72.53,75.75,82.46,67.52,5kqeG03U04,GU,1a,a,a,a,e,e,a,a,a
5kqe,G05U06,A,M01,82.23,201.92,293.55,292.82,170.52,62.61,82.75,192.01,196.37,93.12,73.04,75.69,82.29,68.1,93.84,72.95,75.85,82.72,69.11,5kqeG05U06,GU,1a,a,a,a,e,e,a,a,a
5kqe,U04G05,A,M01,80.27,207.86,283.82,296.38,158.31,67.63,82.23,191.78,192.01,94.01,72.53,75.75,82.46,67.52,93.12,73.04,75.69,82.29,68.1,5kqeU04G05,UG,1a,a,a,a,e,e,a,a,a
5kqe,U06A07,A,M01,82.75,193.12,290.99,114.39,192.73,210.67,99.54,196.37,190.36,93.84,72.95,75.85,82.72,69.11,93.08,76.22,73.78,83.32,66.85,5kqeU06A07,UA,1c,a,e,e,d,d,b,b,b
